cond,oidx,det,day,mean_p,n_backers,n_raw_backers,spread_1_3,resolved,won,sport,ev,tape_ask,overlap_live_favorite
0xeccb83a4273eda4a395d3d603e3b5af80e3bf214a95c7e460c10667967017b89,1,1782711811.0,2026-06-29,0.6817,4,4,141.0,False,,lol,lol-dcg-tl2-2026-06-29,,True
0xbcb7437f18d7584756c00348a33bc65312caf06ae719750dbdd02f684bd5dd0c,0,1782742232.0,2026-06-29,0.951,2,2,11985.0,True,True,tennis,atp-sinner-kecmano-2026-06-29,,True
0x92ea3b6a5f5f43ad592ddef5aa169892e0bce349da751eac9086717e178f7a7e,0,1782748721.0,2026-06-29,0.73,2,2,17829.0,True,True,soccer,fifwc-bra-jpn-2026-06-29-more-markets,,True
0xf7e66e31e79d3585fb6c265256910044de6e861c7ee95a4135157882515ce929,1,1782752137.0,2026-06-29,0.9747,3,3,36839.0,False,,soccer,fifwc-bra-jpn-2026-06-29-exact-score,,True
0xd57b2721f6c32de7d06e1213a74cb6be5299e1fe3e13ee8f547877c338743c4c,1,1782764977.0,2026-06-29,0.6504,2,2,4925.0,True,True,soccer,fifwc-ger-par-2026-06-29-more-markets,,True
0x8642853e209970a1dbcc1c8d2fc88751f0287252d4098d7ea596629570ad2097,0,1782777746.0,2026-06-30,0.665,2,2,5776.0,True,False,nba,wnba-atl-wsh-2026-07-02,,True
0x9a12a40c86b6ab7384bd1fda1b7e02ebef2118aff1cecfc9517188453e63f9ec,1,1782781883.0,2026-06-30,0.72,2,2,10075.0,True,True,soccer,fifwc-nld-mar-2026-06-29-more-markets,,False
0x7dabc1b9e0f1585c2b107bdb1184024b61928bc1ed431259730c2a42913a3329,0,1782783485.0,2026-06-30,0.9017,2,2,17778.0,True,True,other,bkbsn-agu-pir-2026-06-29,,False
0x378f7b5c668014d9f6c42c305ec83902f3c8f6c770b336363aed0076ce6ce1c9,0,1782786142.0,2026-06-30,0.7718,4,5,53304.0,True,True,soccer,fifwc-fra-swe-2026-06-30,,True
0x81a9bf420ad3960903ebba6bc8b4cbf5275c96b83063452e233a7ee618f6e948,1,1782786550.0,2026-06-30,0.7286,2,2,61821.0,True,False,tennis,atp-jong-hijikat-2026-06-29,,True
0x85d69574cd4810096cd407aa82422f534648399a8032fb198d62f15980954099,1,1782786703.0,2026-06-30,0.6818,2,2,1329.0,True,True,mlb,mlb-sf-ari-2026-06-29,,True
0x524935a3e258321497149b40756d015c4d7c8f4670824fa30c303fbb82d876ad,1,1782787763.0,2026-06-30,0.9747,2,2,16374.0,True,True,soccer,fifwc-nld-mar-2026-06-29-exact-score,,False
0xdd8bc5750b188393608f9530a16c81de0188a88989f7ee7fb0c8b5f6837e7cd3,0,1782791126.0,2026-06-30,0.7333,2,2,1152.0,True,False,mlb,mlb-sf-ari-2026-06-29,,False
0x86360e1e0c007fee1607ea239b16952ab6f12d9fd6a25229cdd7e3be400e2c90,0,1782792586.0,2026-06-30,0.76,2,2,37353.0,True,True,soccer,fifwc-civ-nor-2026-06-30-more-markets,,True
0x775b5b8fbbfc5b1a6ec668d268866cc90ea12b935628d2b9bf135edf892478da,0,1782792917.0,2026-06-30,0.7083,2,2,34512.0,True,False,soccer,fifwc-civ-nor-2026-06-30-total-corners,,False
0x04e5640dff98d9c6546c6b108fbffc71d900887c90c3112d8ee18b2a8d9fb4b3,0,1782795821.0,2026-06-30,0.6813,2,2,2871.0,True,False,lol,lol-kc-tl2-2026-06-30,,False
0xc851fc5ae688d3d67bccb7c8f0ca475f61ebda796cfcddca7230042de6b48cfd,0,1782805369.0,2026-06-30,0.66,2,2,95430.0,False,,ufc,ufc-max1-con-2026-07-11,,False
0xc70225afd173c74f7e62671aa5153db6bf849e2330e76ab48c7750c8a67a2c41,1,1782810608.0,2026-06-30,0.74,2,2,16542.0,True,True,soccer,fifwc-civ-nor-2026-06-30,,True
0xa652e0047976d197635b08be4ce19e8224c16157a5be4c2999f995c264df2b01,1,1782824110.0,2026-06-30,0.959,2,2,3897.0,True,True,soccer,fifwc-civ-nor-2026-06-30-exact-score,,False
0xec005a5a1d173b9f8b8849b661ce934bea7992f426b6716d1ac58be583157dd7,1,1782825778.0,2026-06-30,0.9767,2,2,5606.0,True,True,soccer,fifwc-civ-nor-2026-06-30-exact-score,,False
0x685df2b5931237943489125271511db6ca2950ae6510874219b8b0ceae165739,1,1782832657.0,2026-06-30,0.65,2,2,43298.0,False,,lol,lol-ewi-big1-2026-06-30,,False
0xa5fc22f30517e336b2ce8ac45279cf801b84f9ea94a9b3b9897e7111d2e82aa6,0,1782834986.0,2026-06-30,0.725,2,2,579.0,False,,tennis,atp-sonego-etcheve-2026-06-29,,False
0xbf22f356b089a7484cb35acdd60e8d58a94d432d15e08a774f90fe7bca5925f9,1,1782835162.0,2026-06-30,0.7167,2,2,40454.0,True,True,soccer,fifwc-civ-nor-2026-06-30-more-markets,,True
0x52c9cce435d0962cd59a5e5cb15f03e1c63cf69347799fcda690b359c351b0a2,1,1782835196.0,2026-06-30,0.974,2,2,15060.0,True,True,soccer,fifwc-civ-nor-2026-06-30-exact-score,,True
0xdc9bd5802945aa5d2a13ff531ee82fa6814d77d5241e307f5cd98b843ab84b96,0,1782837581.0,2026-06-30,0.66,2,2,2478.0,False,,tennis,atp-mensik-samuel-2026-06-29,,False
0xda51c63910427b3d72410031c42f9b44dcf76aca025099ebd3bde04da1b049d9,1,1782838412.0,2026-06-30,0.91,2,2,49491.0,False,,soccer,fifwc-civ-nor-2026-06-30-more-markets,,True
0x59a242b9d0bfe73c0ca17f5035e3765efd24871f80349ff048c89b3ecb399047,1,1782838585.0,2026-06-30,0.9103,2,2,1367.0,True,True,soccer,fifwc-civ-nor-2026-06-30-more-markets,,False
0xb2ce1730203c242bb5bbf46618337ad527b227e601a8646db8ae84f46c42c397,1,1782839471.0,2026-06-30,0.9725,2,2,44403.0,True,True,soccer,fifwc-civ-nor-2026-06-30-more-markets,,False
0xd5b02d472dc2b56c763523ec69126ec70ed6435497f065ae2be27ab0c0b6585a,0,1782844529.0,2026-06-30,0.6564,2,2,1582.0,True,True,tennis,wta-osorio-waltert-2026-06-29,,False
0x5da92cb44534b7667656bced1b8135283d812c38809684c19c04f29233ce9ff0,0,1782847487.0,2026-06-30,0.76,2,2,54655.0,False,,soccer,fifwc-fra-swe-2026-06-30-more-markets,,True
0x56a745b1fe61dd05263b1344951ede37bb9b9107163cda6cb531a9b3fcba6c2a,1,1782847670.0,2026-06-30,0.73,2,2,426.0,True,True,soccer,fifwc-fra-swe-2026-06-30-more-markets,,True
0xd41ac22bac5c459e9da3378796b52cb33597fc174a53db205e41fd649fe292d8,1,1782847912.0,2026-06-30,0.7667,2,2,53766.0,True,False,soccer,fifwc-fra-swe-2026-06-30-player-props,,True
0xb2d84ca7430bc3012f011cf399563aee9cae837f68151cd4ca2f81bcfbfec8ab,1,1782848126.0,2026-06-30,0.66,2,2,921.0,True,True,soccer,fifwc-fra-swe-2026-06-30-total-corners,,False
0xca6b5cd05ed6afce80beb744615163d32140996b1b65fafa8cf75eea58c09103,0,1782849619.0,2026-06-30,0.85,2,2,8631.0,True,True,other,itf-radovan-nikcevi-2026-07-01,,False
0xa0f4d15ca1f25a095760f56ba63d7f99bad977a33ae93003d86d58fda3ba3da4,1,1782853354.0,2026-06-30,0.7714,2,2,5124.0,True,True,soccer,fifwc-mex-ecu-2026-06-30,,True
0xdbd44b5de5bd4ba0126376cebaac89997b6d6621286272864ddbfb677fc153da,1,1782854372.0,2026-06-30,0.7012,2,2,64758.0,True,False,tennis,atp-fucsovi-tien-2026-07-01,,True
0x60317b6db85c5c773bd23a2e20a82cf0d4caca12ea4c3aea076a5635313bec4f,0,1782856036.0,2026-06-30,0.67,2,2,28418.0,False,,tennis,atp-fokina-marozsa-2026-07-01,,True
0x72c1f535498017d725976369659994f1d6a79b805523c56d88d3d2eb177dda95,1,1782857807.0,2026-06-30,0.84,2,2,4314.0,True,True,soccer,fifwc-fra-swe-2026-06-30-more-markets,,True
0xe27de8e1abd0884c30489cf222de9506d7dd8eb10a6ced053162bab3a3a6b3e1,1,1782860866.0,2026-06-30,0.67,2,2,42320.0,True,False,soccer,fifwc-mex-ecu-2026-06-30-more-markets,,True
0x98173b0b2c8c33289b25ad91ec78fd2583220af0c2df0ac49bc9c978be8c5f05,1,1782862544.0,2026-06-30,0.6867,2,2,205.0,True,True,soccer,fifwc-mex-ecu-2026-06-30-more-markets,,True
0x0fee10ee7a0c9d20789da430f961044f48da0106c3b8c90ba54f6f75fc105d95,1,1782864530.0,2026-07-01,0.9675,2,2,42276.0,True,True,soccer,fifwc-mex-ecu-2026-06-30-exact-score,,True
0x00c5c9a5897db00cd02c3cbfd1586b2a7110e752611f242fb5dba895d9295497,0,1782866018.0,2026-07-01,0.6676,2,3,1068.0,True,True,soccer,fifwc-mex-ecu-2026-06-30-total-corners,,False
0xc1a15e87dd1b37832aa0ecbffb642cdf4908eef2b8378d764e0f891dd60fa60f,1,1782866035.0,2026-07-01,0.89,2,2,1583.0,True,True,soccer,fifwc-mex-ecu-2026-06-30-exact-score,,True
0x9bfced0308f0b9d0b26d73e2ec75b97cdc8ee43c3e22347b6af6b96668836456,1,1782870716.0,2026-07-01,0.8917,2,2,45168.0,True,True,soccer,fifwc-mex-ecu-2026-06-30-more-markets,,True
0x4ca5bd73a4ed0fe17e68641b9fed3ad8972c9af747a2bc47145651ff0cc771cc,1,1782871058.0,2026-07-01,0.9781,2,2,7776.0,True,True,soccer,fifwc-mex-ecu-2026-06-30-more-markets,,False
0xc2192f0fb2d0449feee86e16fa96bdc7e7ce75700fefb5d8ce8460ecae18186a,1,1782871180.0,2026-07-01,0.9545,2,2,6594.0,True,True,soccer,fifwc-mex-ecu-2026-06-30-exact-score,,True
0x18843e6119300f6397d95994c4923c5528fe288dee73ff762e61448d00418207,1,1782871700.0,2026-07-01,0.6539,2,2,8220.0,True,True,mlb,mlb-stl-atl-2026-06-30,,False
0x3caf034458e2a5494d5a9fff2b272f9853394d513d7f901784d4a3a36f9b658c,0,1782872266.0,2026-07-01,0.71,2,2,120.0,True,True,mlb,mlb-min-hou-2026-06-30,,False
0x63c8f73c4671527f2a38aa246f92650769408978faf5c462aad5947ac950d1fd,1,1782873992.0,2026-07-01,0.96,2,2,66.0,True,True,soccer,fifwc-mex-ecu-2026-06-30-more-markets,,False
0x4819a0497f599aecff32630b0aed5be7e95773f9846844cb9209c276d02cc266,1,1782874186.0,2026-07-01,0.87,2,2,707.0,True,True,soccer,fifwc-mex-ecu-2026-06-30-more-markets,,True
0xeec0dcea9df0643a868e9b152752473444ab03d9f6db1440ed66db8e76f93a14,1,1782876593.0,2026-07-01,0.82,2,2,25221.0,False,,soccer,fifwc-eng-cdr-2026-07-01,,False
0x577d6803441f508c1fe12e1cd483625b832b562416897eda0757e3e5ca4ebaa9,0,1782877003.0,2026-07-01,0.7181,2,2,73640.0,True,True,cs2,cs2-bb3-sin2-2026-07-01,,False
0x89c45b9308fb21b268fde5a742ac0540929638a9c8a9ac9867345b5fe954421f,0,1782877796.0,2026-07-01,0.874,2,2,86590.0,True,True,soccer,fifwc-eng-cdr-2026-07-01-more-markets,,False
0xc5943cca27ce657f519619520b1664829b1209f9a5ef9266be7f2954be1b0260,0,1782885424.0,2026-07-01,0.75,3,3,170606.0,True,True,soccer,fifwc-esp-aut-2026-07-02,,True
0xb5c11fc97fda3dc4a3202e58e4f59898a66557074220a52f69b8153a914041f2,1,1782890503.0,2026-07-01,0.95,2,2,6378.0,True,True,tennis,atp-aguilar-medvede-2026-07-01,,True
0x1a5bdedce75e8cbe8e96cc7b5c1ffaf542ca652d8431e7c5264c7d32250a01c5,0,1782891029.0,2026-07-01,0.792,2,2,43203.0,False,,tennis,atp-heide-barrena-2026-07-01,,True
0x458c5772df9e14cb36c70da4b086943b630240558684f75dc68b72f1226abbe3,1,1782895970.0,2026-07-01,0.67,2,2,1623.0,True,True,other,itf-bertea-riera-2026-07-01,,False
0x7a5bb9e0f9dfa4100a8618f4b00b96af669228904f0ddccdd8199dfff34ebdf0,1,1782896374.0,2026-07-01,0.875,2,2,957.0,True,True,tennis,atp-kwon-paul-2026-07-01,,False
0xb3421e00146de3a66f088bbb36927b6c7d721bc752ea4bfe1a79d2fe57542da9,0,1782896381.0,2026-07-01,0.76,2,2,42211.0,True,True,tennis,atp-hurkacz-ofner-2026-07-01,,True
0x2cd5890faa545b54af1ad98acb43bbf63955e85ce39be199700fad51292ed738,1,1782896741.0,2026-07-01,0.83,2,2,5118.0,True,True,tennis,atp-jong-fonseca-2026-07-01,,True
0x09ea2e3e7e7a1bd2ea192baba2eb9efa7c5bb29cec674bbe3978c9b426ea6915,0,1782897323.0,2026-07-01,0.74,2,2,172.0,True,True,soccer,fifwc-eng-cdr-2026-07-01-more-markets,,True
0x075c43044deeb56318fb114bd2f3328dd891e9b6fd43ccc4770b73a9e0e02ffc,1,1782897923.0,2026-07-01,0.74,2,2,49986.0,True,True,tennis,atp-kaouk-moelle-2026-07-01,,False
0x5e1b5482ee7d380fdffb21e39ca5ec6181e21c7c99e3a88d9e321468a97c349f,0,1782900100.0,2026-07-01,0.7818,2,2,2934.0,True,True,tennis,atp-giustin-topo-2026-07-01,,False
0xd6001841cf04b7eb669e22b552760b9716ed45d283cc69bf81c5d7b9bcf54bf2,0,1782903794.0,2026-07-01,0.7272,2,2,54471.0,True,True,tennis,atp-molcan-altmaie-2026-06-29,,True
0x16d8ae6bea21f25557893389b4f1be7cc21c95a0e81646db9069187468d588fd,1,1782905548.0,2026-07-01,0.6747,2,2,57650.0,False,,tennis,atp-staehel-marcond-2026-07-01,,False
0xe757955b38e4171b513cc447f567e9978b3cb47d359b65aacf33b2706fc46b85,1,1782906286.0,2026-07-01,0.6514,4,4,79914.0,False,,soccer,fifwc-eng-cdr-2026-07-01-more-markets,,False
0x65c80b6211677f5a5864d1b83ea3a1d0f3db3a19976124f2fe06c0418944187b,0,1782907696.0,2026-07-01,0.888,3,3,14706.0,True,True,tennis,wta-sabalen-kessler-2026-07-01,,False
0x2cdc2468341edf57b537d1a178f782c55902b99e7111da6cb8dadc45be813c20,0,1782908153.0,2026-07-01,0.79,2,2,24244.0,True,True,soccer,fifwc-eng-cdr-2026-07-01-total-corners,,True
0x620864d2007a22d19782ae9cce0bdc59b39b9e67836c2bb87f3b5431c5fe22a5,1,1782911611.0,2026-07-01,0.8667,3,3,16943.0,True,True,tennis,wta-sierra-gauff-2026-07-01,,False
0x17a1210867363fba01633fb6d28a6f2f48d3daaac43d49c0acaa4352a8b9c264,1,1782913529.0,2026-07-01,0.7567,2,2,1051.0,True,True,soccer,fifwc-eng-cdr-2026-07-01-more-markets,,True
0x7ff3ed46b924fc4516f3dd1e918df843c45163e8a064ac023b2c2163f3d16123,0,1782916826.0,2026-07-01,0.755,2,2,30187.0,True,True,soccer,fifwc-bel-sen-2026-07-01-more-markets,,True
0x9571a9aa2d5ecfcfd89e68bfcfec506a0f9fc87a4b0968d6691f78afb85440b1,1,1782918602.0,2026-07-01,0.9714,2,2,126880.0,False,,soccer,fifwc-bel-sen-2026-07-01-exact-score,,True
0x807a61b7d11e380b0d5dc18a85e32321174988cfc8b8fe5420bed654efc87adb,1,1782920000.0,2026-07-01,0.7229,2,2,134121.0,False,,soccer,fifwc-eng-cdr-2026-07-01-more-markets,,True
0x89fe3a958605aba4508b3564007a95b4934455903937b580eb5a920e325dd7d7,1,1782921167.0,2026-07-01,0.69,2,2,32844.0,False,,soccer,fifwc-eng-cdr-2026-07-01-more-markets,,False
0x2bbf4e741e1b1c6ed817181a9ba2cf1cdad0b9dac60254cd14516e293a8fcd96,1,1782921394.0,2026-07-01,0.8925,2,2,215.0,True,True,soccer,fifwc-eng-cdr-2026-07-01-more-markets,,False
0x955f58750f995e084485adbd5130f34182eb5b926a0771f1cf8a7f05b8e54111,1,1782926255.0,2026-07-01,0.9782,2,2,4038.0,True,True,soccer,fifwc-eng-cdr-2026-07-01-exact-score,,True
0xd751aac44de6bab9100298769c5382c54a8170964ae34b03cdf252de332f8fc1,0,1782931715.0,2026-07-01,0.7087,2,2,36355.0,True,False,tennis,atp-broady-kennedy-2026-07-01,,False
0x67505d766fa03999d6b0583212a8703657e04aed7f2615bee1bfe57225699651,0,1782931828.0,2026-07-01,0.9325,2,2,7001.0,True,True,soccer,fifwc-bel-sen-2026-07-01-more-markets,,True
0x384f5415ed1cd2a324050a945004f0860da56d76895fb2403300e5360bb79ec7,1,1782932729.0,2026-07-01,0.775,2,2,50559.0,True,False,soccer,fifwc-bel-sen-2026-07-01-halftime-result,,False
0x6155c4dd2aa59bfc2eb7dda95141992b93a6a4591e71a678d6b64e54618982e6,0,1782932729.0,2026-07-01,0.695,2,2,82366.0,False,,tennis,atp-tsitsip-djokovi-2026-07-01,,False
0x3f90e7c08e9d1f716372c75070d0a01fe1a4e5ddaf2b0664b635952b131034ae,0,1782933031.0,2026-07-01,0.7433,2,2,3821.0,False,,soccer,fifwc-bel-sen-2026-07-01-total-corners,,False
0x2f6aa4c8c720c8020c4bd544be8a7734413a8d9e99e0e438f3d9b1218186d516,0,1782934354.0,2026-07-01,0.6974,2,2,48863.0,False,,soccer,fifwc-bel-sen-2026-07-01-more-markets,,False
0xde83f46536ca7e2d404b5cc7d39ba568cb41416b53404c4124ada31b73208cac,1,1782937073.0,2026-07-01,0.945,2,2,15745.0,True,True,soccer,fifwc-bel-sen-2026-07-01-exact-score,,True
0x86ce5cfdcaf28e222b5bb633155de06bc2167331a58795d1588bf1d4d526d241,1,1782938129.0,2026-07-01,0.85,2,2,3253.0,False,,soccer,fifwc-bel-sen-2026-07-01-more-markets,,True
0xcf82e4109103e709a7934b18034b902d58bafa402262acce0ee92ee8a4b22790,1,1782940399.0,2026-07-01,0.9131,3,3,6024.0,True,True,soccer,fifwc-bel-sen-2026-07-01-more-markets,,False
0x8f29d0a208c63d3b54ae69c3599e467398b9a6c0ea5b13147d1d292dfbc7af1a,0,1782944879.0,2026-07-01,0.9033,2,2,70053.0,False,,soccer,fifwc-usa-bih-2026-07-01-more-markets,,False
0x16b44611bbf5e2ae808ae80a32d7ad4ea14f2eb26bc43dcf13b357ec0006d0b2,1,1782946982.0,2026-07-01,0.7457,2,2,98793.0,True,True,soccer,fifwc-usa-bih-2026-07-01-total-corners,,False
0xe7a740abd099bc28b3f474c55f157c3dc249fa44a8036810252b94dd16ae0b2a,1,1782948491.0,2026-07-01,0.8838,2,3,835.0,False,,soccer,fifwc-usa-bih-2026-07-01-player-props,,False
0xeb3f7525e2a227f6d3348aa5804ff5ab8d27f85c8dd122044530aa60a276910c,0,1782949238.0,2026-07-01,0.6517,2,2,7680.0,True,False,soccer,fifwc-usa-bih-2026-07-01-total-corners,,False
0xb11a524d74c91fff4638db78c18e352273e1cc019daee2766fef9f7954910324,1,1782950716.0,2026-07-02,0.945,2,2,29979.0,False,,soccer,fifwc-arg-cvi-2026-07-03-halftime-result,,False
0xb70c35ba978c99b34cbc2a250b859ef7e0e12fb0af29c9457eeddae8b5a1c7ed,0,1782958600.0,2026-07-02,0.8727,2,2,4818.0,True,True,tennis,atp-watanuk-tunglin-2026-07-02,,False
0xa5f642828d22e5d96f2393a41a32e1f5173664931db07020d157aa7372bc0363,0,1782958903.0,2026-07-02,0.895,2,2,26471.0,True,True,soccer,fifwc-esp-aut-2026-07-02-more-markets,,True
0x3ad1513ca78b46976188f193d0dab1b5ff339595e3b75bcd6ae92e2ec388c7e5,1,1782964795.0,2026-07-02,0.78,2,2,86.0,True,True,soccer,fifwc-esp-aut-2026-07-02-player-props,,False
0x02a1541f48f2c8a1fa112a071f9a66ad11b54a892378d2145adbc69c8ee44308,1,1782966080.0,2026-07-02,0.9402,2,2,64855.0,True,True,tennis,atp-royer-zverev-2026-07-02,,False
0xbf19d17cc89d133123d96662c8fb9c2e08a380a32e806233bb8e0ccaaf7a2fdd,0,1782967246.0,2026-07-02,0.8633,2,2,9104.0,True,True,soccer,fifwc-esp-aut-2026-07-02-more-markets,,True
0x4fd23edbe70bf96210fb1cda09dc663f5503045aed574929afef75a8187fc8ce,0,1782978416.0,2026-07-02,0.848,2,2,37590.0,False,,tennis,atp-minaur-mannari-2026-07-01,,False
0xb1d162f6bee5dea80c6332234b1f3ac4a4fb57eb4cab07297e76d1710873591d,1,1782979543.0,2026-07-02,0.7153,2,2,50111.0,False,,tennis,atp-milic-justo-2026-07-02,,False
0x5bf04bea3b9d4ee70ebcc92aee7247f6198ec5183a5afc0032fdc632f0e9c979,1,1782979838.0,2026-07-02,0.7399,2,2,17551.0,True,True,tennis,wta-grant-bouzkov-2026-07-01,,False
0x0d51f20ebf045ced3159b32522fb944a2e7065ee30244ac99d886a9c6acd472f,0,1782986074.0,2026-07-02,0.93,2,2,41045.0,True,True,tennis,atp-fritz-kypson-2026-07-02,,False
0x8057e7d66ecc8d716f0692aca30d7c1af6e814763264128d1f64c031c8575c2d,1,1782986446.0,2026-07-02,0.6755,2,2,135218.0,True,False,tennis,atp-svajda-majchrz-2026-07-01,,False
0x9acab1d93ff637d8061f1679f9db5534196b2f972e91039d9b61b5ad710b2b79,1,1782988538.0,2026-07-02,0.795,2,2,28110.0,True,True,tennis,wta-mcnally-rybakin-2026-07-02,,True
0x6f062353f0d41ff7d4ceda7cf424c60eed845754b78c111317e72f917b3f1089,1,1782990416.0,2026-07-02,0.72,2,2,4882.0,True,True,soccer,fifwc-aus-egy-2026-07-03,,True
0x6ec8ac47630b7747427fd207d1ec06ce69c83f3e78d2ee69553ae50ae80c006e,0,1782992042.0,2026-07-02,0.67,2,2,37881.0,True,True,other,mar1-rca-hua-2026-07-02,,False
0xe1de2664660ed1b8c5bcb9f7cab2eaebd16cf2677dbb53ffe0a003acbbf5dc20,0,1782993322.0,2026-07-02,0.82,2,2,11975.0,True,True,tennis,atp-lehecka-molcan-2026-07-02,,False
0x83fa9e0fdd7658bb42d3f80a8673f583563c249ec29ae13498ef1de5fa0d37b5,0,1782996859.0,2026-07-02,0.8529,2,2,76122.0,True,True,tennis,wta-anisimo-kenin-2026-07-01,,False
0x4dd987594593e7e1fca9a4e0bc4301cc9320b3c51255fde088d40763ed01a69d,1,1782999038.0,2026-07-02,0.77,2,2,117711.0,True,True,soccer,fifwc-che-alg-2026-07-02,,True
0x2abb2c5d2a65365c4107904c4d7e04b6eef9cfc6875658bf3327c589cfd20589,1,1783000234.0,2026-07-02,0.9233,2,2,34349.0,True,True,soccer,fifwc-esp-aut-2026-07-02,,True
0x2d51a0bcfb5341656379d9010b2cedcbb10e1d1f70830ab6eb577869b1acd125,1,1783002425.0,2026-07-02,0.76,2,2,87100.0,True,True,tennis,atp-jacquet-bublik-2026-07-02,,False
0x5488b6f813d86edaaf2f9b490b58cdeb571a3553bdf27710448f62c4493150b8,0,1783004467.0,2026-07-02,0.695,2,2,3626.0,True,True,tennis,wta-bencic-kalinsk-2026-07-03,,False
0xee6b9beb21a7e854aa2b95880c0e1f6a4a2595aa8b77687f03708103fc297606,0,1783004618.0,2026-07-02,0.655,2,2,133670.0,True,True,tennis,atp-khachan-hanfman-2026-07-02,,False
0x5467d4f616af67be2b4515e5f86d07e14d8107af1f7bc112b0b4eb56d595c385,1,1783005247.0,2026-07-02,0.9541,2,2,28278.0,True,True,soccer,fifwc-prt-hrv-2026-07-02-more-markets,,False
0xa267b0626203f5b015a06e436bed0f063d5de8d4d91cc1d89babf1e2a6a8ae8e,0,1783005337.0,2026-07-02,0.68,2,2,73959.0,True,True,soccer,fifwc-esp-aut-2026-07-02-total-corners,,False
0xb7d31b0136727cb68172e1a12b6a27c4f6ef1778fcac371a830cee8d61270bc6,1,1783006103.0,2026-07-02,0.6633,2,2,119418.0,True,True,tennis,wta-rakhimo-sakkari-2026-07-01,,False
0xd23b4810d916942c2c7b71d9f0f5e3248adc0e4017d8ffa5dd0b1fe721beb0f2,1,1783008742.0,2026-07-02,0.8275,2,2,1208.0,True,True,soccer,fifwc-prt-hrv-2026-07-02,,True
0xe454b90584ab8813f07f7e5bf41b3ff9418e9cda5f51ab0fcec53b898767e6ca,0,1783009178.0,2026-07-02,0.745,2,2,10414.0,False,,tennis,wta-mertens-timofee-2026-07-02,,False
0x460c18836922dc5e93e28d13736a95eb73a9510ef1c3a1a01fc1f699fd1c47e1,1,1783009274.0,2026-07-02,0.73,2,2,349.0,True,True,soccer,fifwc-aus-egy-2026-07-03-total-corners,,False
0x61c7240e96b68903c5fd38c00f3bbb0e88dfc4fb08894cd2856417fc78996096,1,1783011331.0,2026-07-02,0.7361,2,2,76314.0,True,False,soccer,fifwc-esp-aut-2026-07-02-more-markets,,False
0x8c9757e6d49e9243a45ed4c6042d5a3e98cdcce0619495db5d377e510327b769,0,1783012211.0,2026-07-02,0.78,2,2,10179.0,True,True,soccer,fifwc-col-gha-2026-07-03-more-markets,,True
0x749d3ee163e3ea4e670c664a81d700538dac926e40ac8b4c1a7819ee41ddbf66,0,1783012544.0,2026-07-02,0.825,2,2,26413.0,True,True,tennis,atp-tiafoe-choinsk-2026-07-02,,False
0x5eef2866dff0dc49b4cbf9e73b707e340bd9ade3a465af3dddafd415c273eb96,1,1783013393.0,2026-07-02,0.6502,2,2,75.0,True,False,mlb,mlb-cin-mil-2026-07-02,,False
0x2f93e2810814177907fe00ee2daa4d3ee04ecf15676e6989a44dde696f1c96ff,0,1783014365.0,2026-07-02,0.775,2,2,71439.0,True,True,tennis,wta-cirstea-birrell-2026-07-02,,False
0x02266879c255e8e06eae6188fc81e1d6531e96308e102d9789305759853429d4,1,1783021363.0,2026-07-02,0.7,2,2,56850.0,False,,lol,lol-use1-big1-2026-07-02,,False
0xa4e16ab716111eff744364bb19d4af6eac29394a97980c83fdad19c018b8eaff,1,1783025422.0,2026-07-02,0.9075,2,2,10187.0,True,True,soccer,fifwc-esp-aut-2026-07-02-more-markets,,False
0x9cc5e2ade58131cf151069680d0f451cd445622fd390d91cfccd5318e0cafe1a,1,1783027580.0,2026-07-02,0.7567,2,2,15657.0,True,False,soccer,fifwc-prt-hrv-2026-07-02-total-corners,,False
0x2a6645654e9fbce2574fcdf983a9c9cbbcf14b7e36917bc464e12f78201d06aa,1,1783027792.0,2026-07-02,0.8517,2,2,2414.0,True,True,soccer,fifwc-prt-hrv-2026-07-02-player-props,,False
0x2d21df474987081bdcc89c1bc7ea68d9c8c8dec939a4c4b443564324cc29bc6a,1,1783029074.0,2026-07-02,0.755,2,2,19942.0,True,True,soccer,fifwc-che-alg-2026-07-02-total-corners,,False
0x0d1958aa5d1a689a6f767a2bbda59e387ce59875976335a615a5173f83bcebfd,0,1783031068.0,2026-07-02,0.69,2,2,66240.0,True,False,soccer,fifwc-prt-hrv-2026-07-02-more-markets,,False
0x51c3558bf7c9a716b72af5070b574ad1de5c266eabec34af69d2cbf3283403fe,0,1783033541.0,2026-07-02,0.7044,2,2,33312.0,True,True,soccer,fifwc-che-alg-2026-07-02-more-markets,,True
0x0a9007c13018ee184d3f4de550ff79eef28d4a936731950b103e4ecb79fe6d85,1,1783038466.0,2026-07-03,0.73,2,2,23834.0,True,False,tennis,atp-safiull-fonseca-2026-07-03,,True
0x1c152479f02e625c7d55942e3e99472cdd3721aad457da0f1ec81242d38b7cd3,1,1783038577.0,2026-07-03,0.84,3,3,13698.0,True,True,soccer,fifwc-prt-hrv-2026-07-02-player-props,,False
0x26172030385d28571844a7718d5fba62e4b04a2df42e949b8393b90113e52448,0,1783041260.0,2026-07-03,0.9062,2,2,11931.0,True,True,soccer,fifwc-che-alg-2026-07-02-more-markets,,True
0x9069a169ab72e682f8e739ea72da280460108084f3bab27d09d96ceab3707984,1,1783041974.0,2026-07-03,0.6633,3,3,42813.0,False,,mlb,mlb-cws-cle-2026-07-02,,False
0xcbf0b584d791f8d2d428cbdb148217ce5ab49a54934aa2ad5374a995741609e6,1,1783042534.0,2026-07-03,0.7675,2,2,3861.0,True,True,soccer,fifwc-che-alg-2026-07-02-more-markets,,True
0xfa2ec7922d325f939d7265151343beeb74535f974a44458357e2cc11808cc89d,1,1783043534.0,2026-07-03,0.6848,2,2,1551.0,False,,mlb,mlb-tb-kc-2026-07-02,,False
0xc4a26ee77fc5777d5036854f3835bf7ce44b42a61e3c6325c22b444627757eca,0,1783046896.0,2026-07-03,0.65,3,3,98324.0,True,True,soccer,fifwc-col-gha-2026-07-03,,True
0x148d14c148fe55b4328f842dabb3a2dedff340194b5a2af0699d34b2638aa12b,0,1783046981.0,2026-07-03,0.9125,3,3,87624.0,True,True,lol,lol-hle1-tsw-2026-07-02,,True
0x2b62fe35d6eb303f1e3ee5d651af262c37c1527efc864abb74bc08be5a438598,1,1783047185.0,2026-07-03,0.9727,2,2,3682.0,True,True,soccer,fifwc-che-alg-2026-07-02-exact-score,,False
0x98aaabf4ccc094326f1b517fb7f57b377def627a7e698b002450cba1847371af,0,1783047851.0,2026-07-03,0.7944,2,2,85329.0,True,True,soccer,fifwc-che-alg-2026-07-02-more-markets,,True
0x3b93cab6f49e9ee365d87fba1b8f49d7a62bbcfc0038d5d7a355389cfdd9cf15,0,1783056152.0,2026-07-03,0.865,2,2,68221.0,True,True,tennis,wta-pegula-maneiro-2026-07-03,,False
0x6513aecb9d1fe64d0d71aefb7d7ab52255a5ebb362279659e5c59766c2afb2c8,0,1783057060.0,2026-07-03,0.85,2,2,1850.0,True,True,soccer,fifwc-arg-cvi-2026-07-03-first-to-score,,True
0x092ed5b1fa0f8c26ec0fa838f427d5649c35a89da580654465858edc5fd53574,1,1783058680.0,2026-07-03,0.885,2,2,70146.0,True,True,tennis,atp-rinderk-djokovi-2026-07-03,,False
0x70dff762017a74cf0cc31b31c8861655d1465308c425e8af1a0f816a00d21cf4,1,1783060645.0,2026-07-03,0.7892,2,2,114351.0,False,,soccer,fifwc-aus-egy-2026-07-03-halftime-result,,False
0xc395f3754ac362849f22aa68a51a8975ac16d72194bbdc601b9b6e0a7d96d643,1,1783062383.0,2026-07-03,0.72,2,2,127252.0,True,True,soccer,fifwc-can-mar-2026-07-04-more-markets,,False
0xdf51badf5d3f8112c7f7aee8354c08d740fb2b7a4653e4f65769cb13f0ecc619,0,1783062829.0,2026-07-03,0.87,2,2,3467.0,False,,soccer,fifwc-aus-egy-2026-07-03-more-markets,,True
0x064d65793e58ca16a0e06947ccef28ea395924bbbe003037f5c3a14e4a3ae5c0,0,1783064804.0,2026-07-03,0.7625,2,2,7380.0,True,False,soccer,fifwc-arg-cvi-2026-07-03-more-markets,,True
0x5d52e1361127508cc21070b785697ebe81342f4c8b5798f7cfcc224a4313ff60,0,1783069958.0,2026-07-03,0.8221,2,2,38599.0,True,True,soccer,fifwc-arg-cvi-2026-07-03-more-markets,,True
0xef68c1da6fbea3170d67a00be6c31fb81a48ebae082462e735a04555e18bca3d,0,1783071104.0,2026-07-03,0.7267,2,2,27516.0,True,True,lol,lol-ly-fur-2026-07-03,,False
0xcbb172f00f52a7f6a6db13e4d9e69437f3915b25ce69cb775abe5dd0b3938b9c,1,1783071869.0,2026-07-03,0.77,2,2,2853.0,False,,tennis,atp-kuzmano-piros-2026-07-03,,False
0x8bd798cf5ae4a6dc0d5770852cbd41366481173aae585d1c99f0f7a27beab13c,1,1783072310.0,2026-07-03,0.81,2,2,32781.0,True,True,tennis,wta-kasatki-osaka-2026-07-03,,False
0x5003711572b3627eb78622e853d708c1915fb349c6e01cd2e8b71a1b70dc9984,0,1783073333.0,2026-07-03,0.735,2,2,3898.0,True,True,other,itf-sobolie-taborda-2026-07-03,,False
0x0d395aca2233ef0543681a7a131876a8d4e36d76e4ffb881867a5760f322a730,1,1783077860.0,2026-07-03,0.6567,2,2,40819.0,True,True,tennis,atp-basile-cecchin-2026-07-03,,False
0xd7f43f661124f2df6b1ef8fcb90c1262bfd12f4e6c9f0a87d68689217db91c6c,0,1783078817.0,2026-07-03,0.6533,2,2,53994.0,True,True,soccer,chi-yun-hen-2026-07-03-more-markets,,False
0x237d201747b3465d517baa7d05dfd0947d077781113ec5d2855bb605127b211f,0,1783082008.0,2026-07-03,0.68,4,4,5478.0,True,True,cs2,cs2-bb3-nem-2026-07-03,,False
0x081291a0366264baf9f644e8b2ddeaca18954628e6b63b4edac23d04977bd61f,0,1783082386.0,2026-07-03,0.745,2,2,8265.0,True,False,tennis,atp-jodar-mochizu-2026-07-03,,False
0xdc6d6e8b7436863baec6c226eddc8aa51b1d64c1831322469eb344248b131ef0,1,1783083469.0,2026-07-03,0.6516,6,6,61131.0,False,,tennis,wta-alexand-jovic-2026-07-03,,False
0x7bf7c63b41fb56692f2cebe3af6bad2e807d12d8ef88bec27706c42edbe6fc73,1,1783085593.0,2026-07-03,0.9558,2,2,100739.0,True,True,soccer,fifwc-aus-egy-2026-07-03-exact-score,,False
0x615605cc8a0bf8a138e85b87362e69dad877049fc99e72e67157ef10c16635f1,0,1783085845.0,2026-07-03,0.9,2,2,45413.0,True,True,tennis,wta-muchova-sawangk-2026-07-03,,False
0xfc0241ffe96d118f277c90cc21fab9dfa29f18a85ea1f5060976fffe9384ce64,1,1783085999.0,2026-07-03,0.9777,2,2,101145.0,True,True,soccer,fifwc-col-gha-2026-07-03-exact-score,,True
0x0663a42c571ac28e4641d8e544f15064b7affa8d7ee99ad8b1d2b4a40b2ab453,1,1783089776.0,2026-07-03,0.8633,2,2,5988.0,False,,soccer,fifwc-aus-egy-2026-07-03-total-corners,,False
0x5a7ac0e919ae2914b2d5796c62156a7fa47fa3690e5d9d5d981e02d582d50460,1,1783094524.0,2026-07-03,0.7733,2,2,30908.0,True,False,other,itf-sieg-zaar-2026-07-03,,False
0x8499b76e426d03a8313f41791f00f87de069650ecda8566c6e745c0b0367f394,0,1783094618.0,2026-07-03,0.825,2,2,107883.0,False,,tennis,atp-augeral-zheng-2026-07-03,,False
0x30c1310922cb477c1dcb0417d7030f30d5721b4ee09cf166624c6f7fc1f720df,0,1783095328.0,2026-07-03,0.785,2,2,94797.0,True,True,tennis,wta-sabalen-ostapen-2026-07-03,,False
0xeb453784e79163f941f20ee850c55948587d2d44adb4ded9865f4b808719ca2e,0,1783095403.0,2026-07-03,0.9595,2,2,36155.0,True,True,soccer,fifwc-arg-cvi-2026-07-03-more-markets,,True
0x059e38a8d7576b361849a76f5a565d8e28592aaa4c93b92a319bc3234a192986,0,1783096631.0,2026-07-03,0.7509,2,2,5206.0,True,True,soccer,fifwc-aus-egy-2026-07-03-total-corners,,False
0x8c60644bb81029b5318b978add02cfff08797ff17ce4fc4ebdd0e8c7f149efad,0,1783098556.0,2026-07-03,0.75,2,2,1967.0,True,True,other,swe-sir-mja-2026-07-03-more-markets,,False
0xcce8feef81850ee3740cef41ddf1a8b64002094ee650b9f0efd57728b41daa6e,0,1783101467.0,2026-07-03,0.7169,2,2,26341.0,True,True,soccer,fifwc-aus-egy-2026-07-03-more-markets,,True
0xd2f7d1b25de25ca0b7126e57e4aafd090ff5a5608e2e983168ac546df0cfdf23,0,1783101583.0,2026-07-03,0.7221,2,2,96825.0,True,False,soccer,fifwc-arg-cvi-2026-07-03-second-half-result,,False
0x08f92f70a2f8399c503d0ef4a257056b1d37cd620e60d660b4e46c49486b0ed4,1,1783101749.0,2026-07-03,0.9541,2,2,25575.0,True,True,soccer,fifwc-aus-egy-2026-07-03-exact-score,,False
0x935c8fba11c3dfb6cc26c2f35bb3e866a1b6244053180572a9f57e3e318c5e0b,1,1783101878.0,2026-07-03,0.882,2,2,235.0,True,True,soccer,fifwc-aus-egy-2026-07-03-exact-score,,False
0x4a4547dca4817d3a7eda39fc9e83d6bb1fe9cbc1ea6ea7ec50e36fa03415ba2f,0,1783114160.0,2026-07-03,0.94,2,2,8889.0,True,True,soccer,fifwc-arg-cvi-2026-07-03-more-markets,,False
0x0d3a4b582b293e3536323a9a75fe4e77e3a3863d673923110eafdc6ba325f161,1,1783115884.0,2026-07-03,0.735,2,2,32273.0,True,True,soccer,fifwc-arg-cvi-2026-07-03-exact-score,,False
0xb8f9a4c02e5cb0b0b8b199f34f6ba86e40811c0d6689493a349cb12ce7870b21,0,1783116271.0,2026-07-03,0.6599,2,2,70200.0,True,False,soccer,fifwc-arg-cvi-2026-07-03-total-corners,,False
0xfe42f3eeeca128c49ac1c603b75bc5b7997936fdedcb816092c88cb04d2543ea,1,1783117838.0,2026-07-03,0.6603,3,3,10794.0,False,,mlb,mlb-min-nyy-2026-07-03,,False
0x30051cc0147ac78ea2fe207431de368c1469a3c3d975b8a2d3d0390c05333d7b,1,1783121360.0,2026-07-03,0.9797,2,2,134079.0,True,True,soccer,fifwc-arg-cvi-2026-07-03-exact-score,,False
0xca4c8e1e8b01cfe5cb813d876450efe4aa50fd25b01ded8bd8e181bd0555ed23,0,1783123582.0,2026-07-04,0.9217,2,2,12693.0,True,True,soccer,fifwc-col-gha-2026-07-03-more-markets,,False
0x51b2fdd2223e3fa171101e13d0e490a0e1e0bd58bb4e9edc03c6ab35eb795e66,0,1783125784.0,2026-07-04,0.6517,4,4,10428.0,True,True,mlb,mlb-bal-cin-2026-07-03,,False
0xe362d2fa21d8c50727566b71026cf40aee069ec37c7d5dd4784251f614c7c26d,1,1783126366.0,2026-07-04,0.9752,2,2,109635.0,True,True,soccer,fifwc-col-gha-2026-07-03-more-markets,,False
0x07b205c65dc785edf196439adf00e6e2cadbbda56163f376311fd411720456a7,0,1783127045.0,2026-07-04,0.6785,2,2,6985.0,True,True,soccer,fifwc-col-gha-2026-07-03-more-markets,,True
0x065bec84c7d91d9dab866c63453c99c74636e8e428f9534fe2906731eb781934,0,1783127833.0,2026-07-04,0.7133,2,2,4325.0,True,True,mlb,mlb-bal-cin-2026-07-03,,False
0x082e4eb406c2fd0f3943a40b576ce61d3b033b8ef8b7468b107ecf7bf2e80b41,0,1783128157.0,2026-07-04,0.7,2,2,1679.0,True,True,mlb,mlb-nym-atl-2026-07-03,,False
0x6cd8d69ed0046dd14ccbac8913f00c6df009c48beb247c222e00ccd915372225,1,1783128628.0,2026-07-04,0.815,2,2,224.0,True,True,other,itf-leama-broadus-2026-07-03,,False
0x8f54acf1c122d7d790592436d7efdf696419a3f7c607f57b14aa3387ffe7e669,1,1783128631.0,2026-07-04,0.95,2,2,84713.0,True,True,soccer,fifwc-col-gha-2026-07-03-exact-score,,False
0x46ca804adf574bfca0aa959cd876e4448758a1f5aa711a1c350169cb903219cc,0,1783132063.0,2026-07-04,0.9695,2,2,3834.0,True,True,soccer,nwsl-den-kcc-2026-07-03-more-markets,,False
0x2748fdd86902a4b180175117c1521fcb82ecede16d6d2243e233a2880c3fdcbf,0,1783137835.0,2026-07-04,0.66,2,2,20223.0,False,,lol,lol-ly-fur-2026-07-03,,False
0x81c6c963e0f31c05f2986007acd8c9235716e74efcf546ffc742a329f480c0fc,0,1783141144.0,2026-07-04,0.7287,2,2,12660.0,False,,other,itf-guo-snigire-2026-07-04,,False
0xb52ecd0101baea880d16435f1ea73e56c49bbd90306f494b49deedf8b3a14bdd,0,1783142360.0,2026-07-04,0.675,2,2,8029.0,True,True,lol,lol-ly-fur-2026-07-03,,False
0x3c995fa852613961df5b34fc1b2d14eb6850145f5d28d349d1622f4ed8cd84ca,1,1783148749.0,2026-07-04,0.6601,2,2,36146.0,True,True,soccer,fifwc-prt-esp-2026-07-06-more-markets,,True
0x7706c5cae115b173ca70a160c5aa314d8513aa8bee3469c0eb9ddda910c577f2,1,1783148923.0,2026-07-04,0.945,2,2,20970.0,True,True,soccer,fifwc-can-mar-2026-07-04-exact-score,,False
0xcd543360e4a80d17ff4ea4b8d571f9f223ae13f68c1c4d7b8c7fb440db09a5a0,1,1783149451.0,2026-07-04,0.9773,2,2,63.0,True,True,soccer,fifwc-par-fra-2026-07-04-exact-score,,False
0x6f29a7b0b5b4d1dae435f3a095fb94536b53f71dd52ece77fe7f8b70be58fb10,0,1783149938.0,2026-07-04,0.961,2,2,1525.0,True,True,tennis,atp-sinner-mochizu-2026-07-04,,False
0x7c8f9c8e0fa7fa9102edfc7a076c262163d5ee8c1d979342221d96293a98c78f,1,1783153832.0,2026-07-04,0.98,2,2,8392.0,True,True,soccer,fifwc-par-fra-2026-07-04-exact-score,,False
0x7111a54285ce1c40e94783e6d7d549ac3f84c0e65737cf1008665a8cd76ba925,1,1783156397.0,2026-07-04,0.81,2,2,1111.0,True,True,soccer,kor-dae1-bch-2026-07-04,,False
0x7fef847f33db2ddfc92b90bf494f36917b7af3e583d2185a9ddca561a146b4e1,1,1783156667.0,2026-07-04,0.67,2,2,4354.0,True,True,cs2,cs2-eye-nem-2026-07-04,,False
0x4b95e9b47d3a065e06d55ebf6fbbeb29990221e4b047a44b94797047a5614cb9,1,1783157065.0,2026-07-04,0.655,2,2,87620.0,True,True,tennis,atp-doubles-rombsmi-andrgui-2026-07-03,,False
0xbf9c2d4af8bcb5ef28ab4be3560b6122cbda9b95729248276b61e4adefd80ee1,0,1783158077.0,2026-07-04,0.86,2,2,9328.0,True,True,tennis,wta-doubles-sinitow-bouztor-2026-07-04,,False
0x819d0e326e07493e925d6220b0389c3da8ed46051cd7392af72afd8cc3be3362,0,1783159609.0,2026-07-04,0.7,2,2,90120.0,True,False,tennis,atp-doubles-cashtra-kokkkov-2026-07-03,,False
0x33151b961c353ac06a2a66f585bbd6a3f0545242d50c05143d4f6a4689786847,0,1783160635.0,2026-07-04,0.67,2,2,110070.0,True,True,soccer,chi-tie-ton-2026-07-04-more-markets,,False
0x4f7fbf619008973ff46beb0eaf3e6a90ff161ce3a53903edecf43667dde9f1c3,1,1783162211.0,2026-07-04,0.8129,2,2,15843.0,True,False,other,val-kc3-pr1-2026-07-04,,False
0xcfb8726f9e864886b3b517a32d6a4c0e9babe61be0932908140ee4fa76b8ce90,1,1783162313.0,2026-07-04,0.943,2,2,88.0,True,True,soccer,fifwc-can-mar-2026-07-04-player-props,,False
0xfe2a6fe419c8497017b47d8b8a9ca875c92be0fc4f5f3ebe33971944c5cb56d7,1,1783163210.0,2026-07-04,0.9325,2,2,22650.0,True,True,soccer,fifwc-can-mar-2026-07-04-exact-score,,False
0x8bc3f2727f0f82b03f69de33abc1dc706af440e99e6d6bcf1d7ac373ddec6ccd,0,1783163318.0,2026-07-04,0.805,2,2,1186.0,True,True,soccer,chi-qin-shp-2026-07-04-more-markets,,False
0x19374ac909f569d717db7d3bdf06c7aacc9ba583bf87e3c12fe57b3a8965cd2c,1,1783163333.0,2026-07-04,0.955,2,2,22227.0,True,True,soccer,fifwc-can-mar-2026-07-04-exact-score,,False
0x03566fdc1b2905341d113f72fe19202e6e3d5b1220746ad18142a2f9efdd0874,1,1783163812.0,2026-07-04,0.925,2,2,269.0,True,True,soccer,chi-jin-xin-2026-07-04-exact-score,,False
0x12573f203b012b94a8c25f38b846ac63569ca2b75e96ebf7c7cf8549d01a72a8,1,1783163878.0,2026-07-04,0.835,2,2,24171.0,True,True,soccer,fifwc-can-mar-2026-07-04-more-markets,,False
0xa5b3568d60ba1d2af9b29c183befbd86d5045c3f10176d0965f3fa56d4c1374d,1,1783164082.0,2026-07-04,0.6993,2,2,3041.0,True,False,soccer,kor-dae1-bch-2026-07-04,,False
0x4ae974b9d2daeecc15ee742ae3a5caa2b15dbfb497d08549340879ad10a01f51,1,1783164757.0,2026-07-04,0.7976,5,5,10781.0,True,False,cs2,cs2-all-9z-2026-07-04,,False
0x71363d38c5d1c4b9c3187eaeaf5b783090db2b613d5f37599adbfdd05f1c614a,0,1783164982.0,2026-07-04,0.835,2,2,1203.0,True,True,soccer,chi-ygb-wsz-2026-07-04-more-markets,,False
0xc16f3a5d903e24ac58d41d43834e611f4efd5b6d15e61b80092b6d179ffb27b3,1,1783165372.0,2026-07-04,0.964,2,2,513.0,True,True,soccer,fifwc-can-mar-2026-07-04-more-markets,,False
0x448ea522673a9fd7f21d1b8694949b0f08cefed0bccda96c3d8bb6572ce8c703,0,1783165472.0,2026-07-04,0.6907,2,2,327.0,True,True,tennis,wta-doubles-guomlad-alexjoi-2026-07-04,,False
0xee2eac71e2e1286ca3cc12d50d38d935f064951a4cb382a009dc3d2a347ce0ab,1,1783165840.0,2026-07-04,0.7517,3,3,51710.0,True,False,tennis,wta-eala-swiatek-2026-07-03,,False
0x7c2d64edce3705436bfb026276fc0454d97f55ea2d336931537caf90d5c01d59,1,1783166017.0,2026-07-04,0.6504,3,3,1774.0,True,True,other,val-rrq1-edg1-2026-07-04,,False
0x3f83c4c9f7c0a01e317d0c1284460acc8aca20963c5ec1806018fa513a72e77a,1,1783167422.0,2026-07-04,0.9517,2,2,133926.0,True,True,soccer,chi-tie-ton-2026-07-04-more-markets,,False
0x827232b89b59a5096d0fe10c58cc587e41ffd7ae52194ad783786b9d584f2a98,1,1783167610.0,2026-07-04,0.884,2,2,2700.0,True,True,soccer,chi-ygb-wsz-2026-07-04-more-markets,,False
0x97511bbc6f5be84355d82910df98fe827bfe50de4108fc1783b3fe24889cf9be,0,1783169414.0,2026-07-04,0.74,2,2,1546.0,True,False,other,swe-deg-mal-2026-07-04-more-markets,,False
0x34e935db1dd7ea88e677f467fb03a8ee17dabca5964db893746a9107a68d7fdb,1,1783174049.0,2026-07-04,0.9289,4,4,89913.0,True,True,soccer,fifwc-par-fra-2026-07-04-more-markets,,False
0x962c33d297cb9720835b5e5579a3d9f8bb0e0c97429d59ee01c70bc073c18d7f,1,1783177210.0,2026-07-04,0.72,4,4,30115.0,True,True,soccer,fifwc-can-mar-2026-07-04,,True
0x184ca107b54330d8e47c581aebc31426e9063943edd4c98ddafe2eb01307f62b,1,1783178930.0,2026-07-04,0.96,2,2,43993.0,False,,soccer,fifwc-par-fra-2026-07-04,,True
0x20aa1249e0b6dfe44d4ec4f3a85da4505d8d22b7251d64e0d04de62d2b989823,1,1783178939.0,2026-07-04,0.9505,2,2,3246.0,False,,soccer,fifwc-can-mar-2026-07-04-exact-score,,False
0x4a52e149c268eebe74b0a7aae8d7b2aee6d1ca46ad79366661512f21605dc77b,1,1783178962.0,2026-07-04,0.935,2,2,32324.0,True,True,soccer,fifwc-par-fra-2026-07-04-exact-score,,True
0xc2448b945c333084d08ee9d428a9045c5bbf575213f0bcad72c3f5df7ef42d6b,1,1783178972.0,2026-07-04,0.9414,2,2,148666.0,False,,soccer,fifwc-par-fra-2026-07-04-halftime-result,,False
0xd439bd81f16f3da389a0148e1a0711464e972cf35e8cc0fd46c88d48866ab606,1,1783179064.0,2026-07-04,0.927,2,2,38010.0,True,True,soccer,fifwc-can-mar-2026-07-04-exact-score,,False
0x8e1bf0b1de32f365473e41367e2ebe988397a7d6870a1e1242644b3393121f93,0,1783182319.0,2026-07-04,0.82,2,2,29021.0,True,True,soccer,fifwc-can-mar-2026-07-04-more-markets,,True
0xe1d331d929be38c3a44aeb30a2a14b198928b755ff72c1889345c0e4c037d328,0,1783182442.0,2026-07-04,0.73,2,2,11930.0,True,True,soccer,fifwc-can-mar-2026-07-04-total-corners,,False
0x43470b518084c409f5fe34c9b9e014ad68966a56dc32ae0a6474c2b55c741cc6,1,1783184212.0,2026-07-04,0.9229,2,2,141066.0,True,True,soccer,fifwc-par-fra-2026-07-04-more-markets,,False
0x1c480dad6fa7323764dad2e7df5ba8a194580df95b4aedfd62bc4ee619a88019,0,1783185425.0,2026-07-04,0.7104,3,3,7214.0,True,True,mlb,mlb-pit-wsh-2026-07-04,,False
0xb2a1f6b1f08894f713bb7ad83e689f24d7c138c39959ba6fe079e108b7bdf68f,1,1783185481.0,2026-07-04,0.9712,2,2,42305.0,True,True,soccer,fifwc-can-mar-2026-07-04-exact-score,,True
0x874b90d5a95d514b6504fc3f04820e6c114514a2c0ed2b87a825487326a335fc,0,1783189594.0,2026-07-04,0.745,2,2,31484.0,True,True,tennis,wta-doubles-danikru-kaliyas-2026-07-04,,False
0x29246c615dc298a5e6ae54a51f9446a904d9096cc3cd3c6c89a198d0a3cfad11,1,1783190920.0,2026-07-04,0.9324,3,3,5927.0,True,False,soccer,fifwc-can-mar-2026-07-04-more-markets,,False
0xa29e67d5ddfdf7ef43731931f656ea37c7b7f11f2021b91dc4ed9bb294fe8e2b,1,1783191116.0,2026-07-04,0.695,2,2,25275.0,True,True,mlb,mlb-sd-lad-2026-07-04,,True
0x860aa3087fb7175d542a2e58fe897b8e3f1ebf9238e532373c50614061a271a2,1,1783191517.0,2026-07-04,0.8006,2,2,69.0,True,True,other,bra2-nov-acg-2026-07-04,,False
0x5c8ebd0680b19228b4673c0c09bd7b736f988e3c7a1a69d47754c49ec20b7ecd,0,1783192304.0,2026-07-04,0.9402,2,2,12892.0,True,True,soccer,fifwc-par-fra-2026-07-04-more-markets,,False
0x7d6894feda6a192cba1bec88839a180eb70903ab258028ba3d0867f188f57653,1,1783192732.0,2026-07-04,0.9218,2,2,23171.0,True,True,soccer,fifwc-par-fra-2026-07-04-player-props,,False
0x84a011e3091630eca77d8d653427262436985f10573278d2e54fd9f50415663b,1,1783192970.0,2026-07-04,0.9625,2,2,27289.0,True,True,soccer,fifwc-par-fra-2026-07-04-player-props,,False
0x131b9f58b9cbe257a3a3463f2c877444e95cb108bd56bafab4fa81701368f1f3,1,1783194817.0,2026-07-04,0.88,2,2,2649.0,True,False,soccer,fifwc-par-fra-2026-07-04-exact-score,,True
0x87030106adba59ce8ef007955073623da31f15fdf4655b96cf033fb9e57df694,1,1783195000.0,2026-07-04,0.74,2,2,95483.0,True,True,soccer,fifwc-bra-nor-2026-07-05,,True
0x8f7cd324fc1146bf299dc5e44b2a1716647b5419e22c051eed38c3e0ca257a02,0,1783196900.0,2026-07-04,0.7,2,2,8754.0,True,True,mlb,mlb-min-nyy-2026-07-04,,False
0x407527b7ce584b132b1057398c73305dfbe7c93de3862ca5081312a715ec89dc,1,1783197413.0,2026-07-04,0.905,2,2,32929.0,True,True,soccer,fifwc-par-fra-2026-07-04-player-props,,False
0xcd5a126fcefcdfa03d8e25bfff3d3c4476100f630467622ec6d5fa7595c72636,1,1783199279.0,2026-07-04,0.7,2,2,168330.0,True,True,soccer,fifwc-mex-eng-2026-07-05,,True
0x6bdc817b83ce78390735af8614456ade74d0b1c15057a27a35dd8aceece0de2a,1,1783212056.0,2026-07-05,0.785,2,2,8448.0,True,True,other,bra2-goi-csc-2026-07-04-more-markets,,False
0x55ff47a5915d303bd0b487237cbbff717daff632ab2181ff98ebd982fc586bf5,1,1783222081.0,2026-07-05,0.979,2,2,4551.0,True,True,soccer,fifwc-mex-eng-2026-07-05-exact-score,,False
0x0a64330f95b6e37b0cb3b38ff223339b530faa9ed0c848d297abf9caf6de3c57,1,1783223911.0,2026-07-05,0.7702,2,2,903.0,True,True,lol,lol-tsw-tes-2026-07-04,,False
0xf2dbce3795ec857534dde21ec1cc07aed421c1cfc8d632557b74dbd2a81ea181,1,1783227935.0,2026-07-05,0.835,2,2,22293.0,True,True,tennis,atp-safiull-djokovi-2026-07-05,,True
0x6eb007d26596439facaa305089ed4c1edfc69637290945b9e972a8d7252d60fe,0,1783228453.0,2026-07-05,0.6601,2,2,68612.0,False,,tennis,wta-pegula-jovic-2026-07-05,,True
0x84e876958ba23b5911989b89cd9bef20d274d2b56125f3d9419c49a5258d60b0,1,1783230017.0,2026-07-05,0.8467,2,2,2293.0,True,True,other,mar1-ocs-rca-2026-07-05,,False
0x2c0e03a673b06046bcb2183158fd9f3adab0f3f869c598ebe5b68abd6410c3fc,1,1783233049.0,2026-07-05,0.9312,2,2,15690.0,True,True,soccer,kor-gwa-uls-2026-07-05-exact-score,,False
0x47a079b62e331859854eedaa3bddbfb41f3f8ed4063481ba956a6ed29b61bb88,1,1783233635.0,2026-07-05,0.77,2,2,5110.0,True,True,soccer,fifwc-prt-esp-2026-07-06,,True
0x08f597781aae34affe783a26c3ebd70d6e7529ea5832f83cde42d03740f7bf66,0,1783234159.0,2026-07-05,0.8358,4,4,36813.0,True,True,lol,lol-hle1-g2-2026-07-05,,True
0x006f4672b8ca41a9bdf9c559d530ef28ebff7c552ee4dc92c959055290dd1256,0,1783237066.0,2026-07-05,0.6666,2,2,3045.0,True,True,other,itf-soke-ercan-2026-07-05,,False
0x6e4d45ee29defc408e36c6464794a78f674ac7d3ffd27a60be02b8487d8f294d,1,1783239146.0,2026-07-05,0.92,2,2,89920.0,True,True,soccer,fifwc-mex-eng-2026-07-05-exact-score,,True
0x37def36ca5c391028f4dc8b4350b8625f3c8f106e4dfeacb0fad893fc796ff09,1,1783239460.0,2026-07-05,0.8629,2,2,3572.0,False,,cs2,cs2-mibr-9z-2026-07-05,,False
0x9edac251a5e7b5187652e0669acf71eb86f6b2995ca41d6d4629174dd6026769,1,1783240492.0,2026-07-05,0.94,2,2,21810.0,True,True,soccer,kor-seo-inc-2026-07-05-exact-score,,False
0x4854839b69a96a9cff33e0a28e0dac5e32203a842a2a203e1f956d9af663b90a,1,1783242280.0,2026-07-05,0.78,2,2,47636.0,True,True,soccer,kor-seo-inc-2026-07-05,,False
0xf07edfdbed1ab0f286076f23cd8e9e1d0df571662dc31e8bda15477b9f050345,1,1783242697.0,2026-07-05,0.85,2,2,84359.0,True,True,other,swe-kal-org-2026-07-05,,False
0xa19ccde7a0a0b76b0606a91db75b1ae7baaa3557bfa744b4adb329c618b4f92c,0,1783243853.0,2026-07-05,0.7196,2,2,36109.0,True,True,tennis,atp-sinner-mochizu-2026-07-04,,False
0x8333fae74d6acaa000fcaf9787249a84021184ab4a84e8207402289484ee54c0,0,1783244819.0,2026-07-05,0.7,2,2,122730.0,True,True,soccer,kor-san-jej-2026-07-05-more-markets,,False
0x2f25e2af7ddb60922000c058bd1aeeb67fe9fa23bbcadf8d777c090975b8a92c,1,1783245856.0,2026-07-05,0.7438,2,2,14954.0,True,True,tennis,atp-smit-piros-2026-07-05,,False
0x4679073f08d01e9ab265464cce7c81904538be21329e9d5e6fe8a6869564f2a7,1,1783247323.0,2026-07-05,0.8497,2,2,21968.0,True,True,soccer,fifwc-mex-eng-2026-07-05-exact-score,,True
0x3da2921584a45e736b63ba08966359df882d2ead3afa40df696fcedd0dd450e3,1,1783247527.0,2026-07-05,0.972,2,2,12866.0,True,True,soccer,fifwc-bra-nor-2026-07-05-exact-score,,True
0x19da4dd902e6a732c364a0e0bd6e3e4ee5a3f09bf461482ad142d970c1874ec5,1,1783248442.0,2026-07-05,0.93,2,2,25458.0,True,False,soccer,fifwc-bra-nor-2026-07-05-exact-score,,True
0x9c8e8a47e91aa8d31a76145a813ad1a38cc5a350f73b87126b9a5501bd07285d,1,1783249568.0,2026-07-05,0.855,2,2,58960.0,True,True,soccer,kor-san-jej-2026-07-05-exact-score,,False
0x75713a6715e4250dc79d13eb6ae6c3503162bbcb07f427b37f77997141e2de3e,1,1783249853.0,2026-07-05,0.9625,2,2,136.0,True,True,other,swe-ifk-aik-2026-07-05-more-markets,,False
0x2b968c048bb0b86471c7eb01e0e802a10d0a0404401e560922291cc8135250e5,1,1783250162.0,2026-07-05,0.935,2,2,5698.0,True,True,soccer,chi-sgr-zhe-2026-07-05-exact-score,,True
0x267f24f22dfe809a2c030f2f4338fef92ffbdc4d578b6590300ef63f8e3da887,1,1783250395.0,2026-07-05,0.85,2,2,34937.0,True,False,soccer,kor-san-jej-2026-07-05-exact-score,,False
0x38acad27bee6dca1e13d908004324f3458a5d8afb9182e430809756567ec4aa1,1,1783251028.0,2026-07-05,0.8988,2,2,3665.0,True,True,soccer,fifwc-mex-eng-2026-07-05-exact-score,,True
0x16b9707a15106cc3768e55b8c4731c3b9b3753db7261f1ed4ca4785d7f579cc5,1,1783251092.0,2026-07-05,0.6561,4,4,6496.0,True,True,soccer,kor-gwa-uls-2026-07-05-more-markets,,False
0x017d1929aee39bf3c6fd8179868d8dff17ffe03af56d2e2d85581bad553cdde3,0,1783252006.0,2026-07-05,0.9167,2,2,14874.0,True,True,soccer,chi-hai-ron-2026-07-05-more-markets,,False
0x96db3e678a33ccdb1b087f70ba65197387aff5e6f5f4ce5ffc5187c58cc9283e,0,1783252171.0,2026-07-05,0.8264,2,2,4122.0,True,True,soccer,chi-sgr-zhe-2026-07-05-more-markets,,False
0xf2062792ccc6470e1a43a4d1fa69d20192908c1da4ce7e3e519a51372c23675e,1,1783252255.0,2026-07-05,0.705,2,2,1208.0,True,False,soccer,chi-sgr-zhe-2026-07-05-more-markets,,False
0xb8bfa5dd5fc714246845cf378e559bad33fc25775bd9611fcf3583d9028f68ed,0,1783252433.0,2026-07-05,0.88,2,2,15715.0,True,True,soccer,chi-sgr-zhe-2026-07-05-more-markets,,False
0x5a6f63acab604182e5ee3eb325246da707f40cd98195579fe0b6b4a6662d4b15,1,1783252937.0,2026-07-05,0.7608,2,2,5368.0,True,True,soccer,kor-san-jej-2026-07-05,,False
0x4220e0ae27de0579a1d1e95c388e8a19cbb2d7dc54f36b9621013e843c04f81b,1,1783254514.0,2026-07-05,0.85,2,2,5844.0,True,True,tennis,wta-doubles-osorsie-peresch-2026-07-05,,False
0x000c046c94ee2cbd77c2281f000a9952fe2d1709e30c8dd0c75602ce60202037,1,1783255864.0,2026-07-05,0.8628,2,2,6642.0,True,True,soccer,chi-hai-ron-2026-07-05,,False
0xccd02457c87dc4d3d5a1e6d5ec71bdd21f3ef922b61e326f270d6ff0382a7eec,0,1783256575.0,2026-07-05,0.9031,2,2,48953.0,True,True,tennis,atp-sinner-mochizu-2026-07-04,,False
0xa6225e31610fa1b80d24a6c538d29bef2e3f5f899c0efa1366b91f23bce2fc64,1,1783257344.0,2026-07-05,0.7367,2,2,25045.0,True,True,other,val-xlg-g21-2026-07-05,,False
0x585cba9d33cb5eded6d7da1c16cfb077ed71f608b4b653867e27eccb5d54ab85,1,1783258447.0,2026-07-05,0.8708,2,2,66441.0,True,True,other,swe-ifk-aik-2026-07-05-more-markets,,False
0xbd9235f1a4fd1aefb7f4a77a2db860366be1f47f3d2c0be092f1e66f0ec03e4a,0,1783258451.0,2026-07-05,0.736,2,2,20481.0,True,False,tennis,atp-feldbau-moelle-2026-07-05,,False
0x0a364860255889f629db4a2e17a70ad6530158d8fc6d78037d76ae5bbc11220e,1,1783258897.0,2026-07-05,0.971,2,2,20526.0,True,True,soccer,fifwc-mex-eng-2026-07-05-exact-score,,True
0x2800a907b3d9884aff69be6fec533f498efcd85b3596715215e1f3f16aa07c1c,1,1783259044.0,2026-07-05,0.92,2,2,17897.0,True,True,soccer,fifwc-mex-eng-2026-07-05-exact-score,,True
0x1efe37e6435a9ef0c90f4d0c4d4331bb4e0211118d5b982b27523739eec77e85,1,1783260176.0,2026-07-05,0.699,2,2,3982.0,True,True,tennis,atp-safiull-djokovi-2026-07-05,,False
0x16722d16582ef3e73da058b0e41d8f7263be8deb93e7b10bb2ec71610b0a3487,0,1783260595.0,2026-07-05,0.885,2,2,2732.0,True,True,soccer,fifwc-mex-eng-2026-07-05-player-props,,False
0xb2a574528035971f448c9feee758bf9222bc78f7ebddd61936602bb88b88095d,1,1783260923.0,2026-07-05,0.9402,2,2,10491.0,True,True,soccer,fifwc-bra-nor-2026-07-05-exact-score,,True
0xadeeee654dd8de80cc59a79eec20c280a3c409ebbaffae63b711eec3bb6c6373,1,1783261240.0,2026-07-05,0.8601,2,2,2781.0,True,True,soccer,fifwc-bra-nor-2026-07-05-exact-score,,True
0x9e6b5adb6bb4071f91942023c5ac3f9f561a78099073a1e7a48d22389675af9f,1,1783264324.0,2026-07-05,0.9719,2,2,44316.0,True,True,soccer,fifwc-mex-eng-2026-07-05-exact-score,,False
0xf10c6cbf02a5c49bb14e5ae07ad778a14bc37934999cb4d64ca96ac0cd1e0898,1,1783264613.0,2026-07-05,0.7467,3,3,44521.0,True,True,soccer,fifwc-bra-nor-2026-07-05-total-corners,,False
0x097be5d5f687848bcb30a8e2318426af68caa36fa81a2077c65d3ae464db8e5a,1,1783264793.0,2026-07-05,0.9397,2,2,49119.0,True,True,soccer,fifwc-mex-eng-2026-07-05-exact-score,,False
0x3eb59b9bd14d948e83920234cfa03fee2311c4c4427a5c0e41ace09d982a9ad7,1,1783267298.0,2026-07-05,0.952,2,2,104958.0,True,True,soccer,fifwc-bra-nor-2026-07-05-more-markets,,True
0xf2564899e3221a4f11c8d25ea235e4d7f2258be150de5780001304946ccde914,0,1783268026.0,2026-07-05,0.6519,2,2,53192.0,True,True,other,mar1-dhe-rsb-2026-07-05,,False
0xf1b6b793b2ccb4ea113a7aaf68f2d3610cb570730ce00e777f156fa8eec4863d,0,1783269727.0,2026-07-05,0.6504,3,3,15468.0,True,True,other,mar1-mad-old-2026-07-05,,False
0x66889f462ae3e7963d1004241cb2c1308ca795545841c4fd4bd04f72cb780f13,0,1783270604.0,2026-07-05,0.6929,2,2,51504.0,True,False,other,mar1-asf-rcz-2026-07-05,,False
0xf4dfcbb5d705af4104a9f3160e71e29b0e9f395e2071aaeca31fa36c6f67d425,1,1783270981.0,2026-07-05,0.95,2,2,3249.0,True,True,soccer,fifwc-bra-nor-2026-07-05-exact-score,,True
0x7778346ca6829c19dceff2658407ebbab41b04ce999af3f7248b6c3b01245d6c,0,1783273244.0,2026-07-05,0.6552,4,4,53204.0,True,True,other,mar1-ocs-rca-2026-07-05,,False
0xcc63813a14b4dcabd04db271f9f7564b71a7cb87e4fb6d666cbcea6c35a185b4,0,1783273481.0,2026-07-05,0.942,2,2,4676.0,True,True,other,mar1-fus-uye-2026-07-05-more-markets,,False
0xabc0be63a7f74b854781ea4325289b880f418de83f1c903f4c389823c7d5858b,0,1783273775.0,2026-07-05,0.6525,2,2,61899.0,True,True,nba,wnba-dal-tor-2026-07-05,,False
0xbe8eac6c186aac435db5c404d52fefc6c34a3959e5369917e78c332cd8c17307,1,1783273955.0,2026-07-05,0.84,2,2,5929.0,True,True,other,mar1-dhe-rsb-2026-07-05,,False
0x338d12b8285d248ef70728190c8955108eca7141f9d495347564e318fd1dd626,1,1783274108.0,2026-07-05,0.965,2,2,130770.0,True,True,soccer,fifwc-mex-eng-2026-07-05-exact-score,,True
0x1b7e2fd8df4c881bd3c82213cc1e61ab8b6a2a429307ed925be03aff2810c1d9,0,1783275065.0,2026-07-05,0.8903,2,2,17964.0,True,True,soccer,fifwc-mex-eng-2026-07-05-more-markets,,True
0x0df921456b1dc747990257b2089ec42b752cf12a2e642c3c8e06e903a6f5d9d0,1,1783276726.0,2026-07-05,0.8075,2,2,8681.0,True,True,other,mar1-mad-old-2026-07-05,,False
0x36e8a2abb3e56b9562c2e9e3b88b1a46388fff9d8d170e97f56396a00c47f67e,1,1783277977.0,2026-07-05,0.7875,2,2,66647.0,True,True,soccer,fifwc-bra-nor-2026-07-05-more-markets,,False
0x85eca811aaf2ed47d2cc49702e81a9a156f09b2d1746208007b1078c7362e88a,0,1783280836.0,2026-07-05,0.69,2,2,29646.0,True,True,cs2,cs2-paina-red7-2026-07-05,,False
0x8a3ce0beb351d9f0b1251b04296237d3c081674e3a9aa57ba6b06c0dec5bf933,0,1783280866.0,2026-07-05,0.76,2,2,38108.0,True,True,tennis,atp-doubles-arevpav-rojewin-2026-07-05,,False
0xafc2838611c8eda325634ea26ff85423ef8ec835a4a07d890e289499cdda26ba,1,1783281980.0,2026-07-05,0.8783,2,2,28300.0,True,False,soccer,fifwc-bra-nor-2026-07-05-player-props,,False
0xb71c90436626391f1189804a17ca7afc8a9950a28981daba8c4bad5bc4b6282b,1,1783282084.0,2026-07-05,0.8125,2,2,3368.0,False,,soccer,fifwc-bra-nor-2026-07-05-player-props,,False
0xfabd88786974d2d022fed18fc9cfa4f9b98e20a782c3b2e00693d00f63377be3,1,1783282792.0,2026-07-05,0.875,2,2,2646.0,True,True,soccer,fifwc-mex-eng-2026-07-05-exact-score,,True
0x76c00702ebc1207763a381c1b233114baeab34642ea94f630281ecd9362d49a0,1,1783285082.0,2026-07-05,0.66,3,3,30217.0,True,False,soccer,fifwc-bra-nor-2026-07-05-more-markets,,False
0x48c9ee20b6c06d9f1234e42c0f14bb59555b4de5f009e287ce50fb14a9a16368,1,1783285087.0,2026-07-05,0.9515,2,2,3432.0,True,True,soccer,fifwc-mex-eng-2026-07-05-exact-score,,True
0xa78c74a0f13c90682525c870ece1d03b0bd9e8a36dd37bfe0b3e03210b720df9,1,1783285255.0,2026-07-05,0.873,2,2,6303.0,False,,soccer,fifwc-bra-nor-2026-07-05-player-props,,False
0xade020ee89a3a26f6087cb1979656b00ae4fdb750284563fbc272c9109217d17,1,1783288625.0,2026-07-05,0.9584,2,2,27886.0,True,True,soccer,fifwc-mex-eng-2026-07-05-exact-score,,False
0x2145bde2dc6bee6bd6387f08576ebe803a1f2bd7a3d2c6ff401d8c144b719642,0,1783289371.0,2026-07-05,0.6718,2,2,405.0,True,True,soccer,fifwc-mex-eng-2026-07-05-more-markets,,True
0x90684909dafe31ea1c510765de25c8e722c6fa0a8ff7cfbe98218bd868999b37,1,1783289594.0,2026-07-05,0.8899,2,2,28527.0,True,True,soccer,fifwc-mex-eng-2026-07-05-exact-score,,True
0x6f3a2bd760babde1bdcdcf3ade9a103833f676113d19694b9c476fc15897151f,0,1783290413.0,2026-07-05,0.78,2,2,1092.0,True,True,cs2,cs2-alkaa-mag-2026-07-05,,False
0x225c4a9b6f415776f4c8057358456773ae4487333ec9bba7c512d7cecbf43af1,1,1783290770.0,2026-07-05,0.9478,2,2,29077.0,True,True,soccer,fifwc-mex-eng-2026-07-05-player-props,,False
0x31903a6baa4a679f1bcabb348d49e700e33c99d85860d1b015e6fe227efa442e,1,1783291130.0,2026-07-05,0.9555,2,2,31242.0,True,True,soccer,fifwc-mex-eng-2026-07-05-player-props,,False
0x47b429ba05443a137dc75e58a2dad04cc61dcad5afa3d8533e50ca4a392c290d,0,1783292956.0,2026-07-05,0.756,2,2,107220.0,True,True,soccer,fifwc-mex-eng-2026-07-05-total-corners,,False
0x27dfd4b65217c28938aaeb25ceeaae11dbccbab07c602a9c1d5fde82ced33d8a,0,1783294171.0,2026-07-05,0.672,2,2,40707.0,True,True,soccer,nwsl-tho-rac-2026-07-05,,False
0xc1d235c2e3c0008d6a340556cd230d524f079eaabbb4f9979d483f4b768eeabb,0,1783295324.0,2026-07-05,0.7767,2,2,41556.0,True,True,lol,lol-t1-fur-2026-07-06,,False
0xfc4bf181ede4e8b9588438e7ab1076b4ddd66623424f9960ab6d731976aa4df8,1,1783296095.0,2026-07-06,0.725,2,2,2880.0,True,False,soccer,fifwc-mex-eng-2026-07-05-player-props,,False
0x194f84201085564c85a00433bf26ef7d0839c8c6d428507b6b0644af2b1189e4,1,1783296226.0,2026-07-06,0.735,2,2,21863.0,False,,other,bra2-nau-juv-2026-07-05,,False
0xbe8a287e2303f161c611113873ef7ed286c02c34c97faa8929169d51e133c2bc,1,1783299878.0,2026-07-06,0.7275,3,3,9472.0,True,True,other,itf-broadus-stefani-2026-07-05,,False
0xe410f213d646056c9fd610336d74b0e281678c9613332250fbbd38c1d9d5f98f,1,1783300565.0,2026-07-06,0.734,2,2,84525.0,True,False,tennis,wta-doubles-jianxu-siegzvo-2026-07-06,,False
0x5f320f478dc816058944a1d4d57d358328d6c73f88e63dc1ff639d503cc6e844,1,1783303241.0,2026-07-06,0.711,2,2,8949.0,True,True,mlb,mlb-sd-lad-2026-07-05,,False
0x89d9a0e50e7d09870d3bfffca2ddcb7599bcf4b30f79924a822b3e99b7db0cba,0,1783303241.0,2026-07-06,0.7233,2,2,271.0,True,True,mlb,mlb-sd-lad-2026-07-05,,False
0xeb6d2c9a5b4b3f097db11cb73089e9a67e7e867f6ea3654d7cd262bbf858e653,1,1783304558.0,2026-07-06,0.7075,2,2,1293.0,True,True,mlb,mlb-sd-lad-2026-07-05,,False
0x3ae6d0b134569fbb96a5d6df01dd3e73e9631215f35ba15c2e86121c62939148,1,1783304912.0,2026-07-06,0.9793,2,2,5973.0,False,,soccer,fifwc-mex-eng-2026-07-05-more-markets,,False
0x0c7c57db5613f5175eb36d50f7659c0bf3b2dc40042d88634cfcc063f075ff13,1,1783307086.0,2026-07-06,0.675,2,2,294.0,True,True,mlb,mlb-bos-laa-2026-07-05,,True
0xcf8482eb154c9e79b6b7ec3f698164448432494bc532037069bb1f5f8f3d140f,0,1783309885.0,2026-07-06,0.765,2,2,29145.0,True,False,tennis,atp-minaur-cobolli-2026-07-06,,False
0x02bd89900835e4b5f071bfc3c4d6ad97d183d713ec65318e4f2813e6a960e2a8,1,1783313279.0,2026-07-06,0.9313,2,2,808.0,True,True,soccer,fifwc-prt-esp-2026-07-06-exact-score,,True
0x60f1f809ecc48a5c6542b070a15b538d0aa6fc8a0d74b411029f5bfda077d85c,0,1783314755.0,2026-07-06,0.855,2,2,4566.0,True,True,soccer,fifwc-prt-esp-2026-07-06-total-corners,,False
0x7958bfd85a25960fade6c401b5b0b03fc12f59b68876646a7e5a351e8c9a6090,0,1783315996.0,2026-07-06,0.655,3,3,69045.0,False,,lol,lol-blg-ly-2026-07-05,,False
0x4e72ad515b595c8f420eac4bd5fc1fb92f850d27b27c8211825d58a3ed05387e,1,1783316141.0,2026-07-06,0.9611,2,2,3678.0,True,True,soccer,fifwc-prt-esp-2026-07-06-exact-score,,False
0x24078e78b36daeea267bbc90dddf19eb854c66b96d7fbe72b38a89c61d3c0756,0,1783316956.0,2026-07-06,0.742,2,2,13587.0,True,True,soccer,fifwc-prt-esp-2026-07-06-total-corners,,True
0x6651218cc171c417b012c7f9f9565700c2c14df7afe8b21c8d580b49805a2356,0,1783317040.0,2026-07-06,0.73,2,2,855.0,True,True,soccer,fifwc-arg-egy-2026-07-07-total-corners,,False
0x28849138d80ff973bfe555ed21ca17974dabbdac7623217e5dea9f554e3ed59a,1,1783317872.0,2026-07-06,0.93,2,2,10149.0,True,True,soccer,fifwc-prt-esp-2026-07-06-exact-score,,False
0xf431ebf32dc0708b7877d0f40e949f1414d5079007d60ea6d6a7c0646e3b1157,0,1783318778.0,2026-07-06,0.74,2,2,76090.0,True,False,tennis,atp-doubles-bolevav-krajmek-2026-07-05,,False
0x708c4ba592417ad2601fc1ad600695ca88ec316a02c07f464e5b238ae32a4277,1,1783320175.0,2026-07-06,0.91,2,2,12210.0,True,True,soccer,fifwc-prt-esp-2026-07-06-exact-score,,False
0x9840fe7e15ad16c1f918c0b923f6e5eb770c1fa9c2ce2b37d362bfe8d15190f0,1,1783322057.0,2026-07-06,0.6819,2,2,2211.0,True,True,tennis,wta-krueger-kostyuk-2026-07-05,,True
0x8cbc2f06d4222eb2f0ba677d55b6aca6c1a90d403c0d3bf68ace0511f1ba1efe,1,1783325665.0,2026-07-06,0.94,2,2,2586.0,True,True,soccer,fifwc-prt-esp-2026-07-06-more-markets,,False
0x17e6ca6b83b4937b4cd575f2acbbefa194b3d52b62e8af192feae6f1c38da0c1,1,1783325722.0,2026-07-06,0.8567,2,2,40215.0,False,,soccer,fifwc-fra-mar-2026-07-09,,True
0x9918c9f426379e48d5e6a6fbf591e75e5b4a9cd33807b097810fdbaf3aebd1b4,0,1783326044.0,2026-07-06,0.78,2,2,36820.0,False,,soccer,fifwc-fra-mar-2026-07-09-more-markets,,False
0x88391507037ef4cf1cef5019227f82f23f46d7fe8598bca5bb46ac7ca8b8d380,1,1783326176.0,2026-07-06,0.925,2,2,51783.0,True,True,soccer,fifwc-usa-bel-2026-07-06-exact-score,,True
0x24c61d77ad48518a1c3a865d65771c7c62526e633cd119d5dc8bc59ba8b6107d,0,1783328164.0,2026-07-06,0.7206,2,2,25070.0,True,True,tennis,wta-bulgaru-strakho-2026-07-06,,False
0xe8e4db2a40fe901880fcf25c5459acad747461fa8ccf8ac1303be01bf0bd355e,1,1783328293.0,2026-07-06,0.69,2,2,85523.0,True,False,tennis,atp-doubles-kokkkov-harrsku-2026-07-05,,False
0x84ceac327b0b2a76ced4315420c9f1ad695512b456c6ee565f134fc82384ffc3,0,1783330109.0,2026-07-06,0.66,2,2,52672.0,True,True,tennis,atp-fritz-bublik-2026-07-06,,True
0xc883c9b107bb717e2aaaba0802e1cdbea7175d1e42a66b04fc17c951de0869db,0,1783330279.0,2026-07-06,0.8084,2,2,31730.0,True,False,tennis,wta-doubles-danikru-neelolm-2026-07-06,,False
0x38588bde496de8cefb9b89941a30c636b3b30eaa9531581358f228fdb1d04a31,0,1783330612.0,2026-07-06,0.6528,3,3,5474.0,True,False,tennis,wta-oliynyk-uchijim-2026-07-06,,False
0x28c862bcbd0b30a912a66922425fad58afb90b3997f63164796fae36b33bcf31,1,1783332482.0,2026-07-06,0.692,2,2,20665.0,False,,tennis,wta-hesse-palicov-2026-07-06,,False
0x31fd5aa588b6b07626c7979283a91eb2f3cedcc3f1bad3a3a79a584a634f50fa,1,1783334141.0,2026-07-06,0.775,2,2,13462.0,True,True,dota,dota2-balu-stx-2026-07-06,,False
0x31cfb3d3cd1b221692ab7a8cad4cab70287e84f3d72d7f4aaf7d87b957f7b534,0,1783339133.0,2026-07-06,0.9465,2,2,48603.0,True,True,other,world-cup-folarin-balogun-to-play-vspt-belgium-20260702164610264,,False
0x9808c4c8b8bec5830456f8f2102c6cd6d522146286d42295f8be9ad7e44ace60,1,1783344316.0,2026-07-06,0.6517,3,3,13917.0,True,True,soccer,fifwc-prt-esp-2026-07-06-player-props,,False
0x9bc312977f23179ab68a74181bd994ac767f7391885beec60cc6b24fa623f1a1,1,1783349651.0,2026-07-06,0.66,2,2,2709.0,True,True,soccer,fifwc-prt-esp-2026-07-06-player-props,,False
0x88610636314237bde1ed7c18bd5f1a5079f1b08a05960dd6d2883751b6e8e6cf,1,1783350374.0,2026-07-06,0.9061,2,2,2257.0,True,True,tennis,wta-ribera-badosa-2026-07-06,,False
0x7e431bb61894ace9dc546e8a1d7e09dea201e6d33992fbfb22018757c1e02d41,1,1783350670.0,2026-07-06,0.9399,2,2,41702.0,True,True,soccer,fifwc-prt-esp-2026-07-06-exact-score,,True
0x92651c61043a35d3e4abb86a0ca1567580660e01e87692e79e6f77f560f77d79,1,1783350883.0,2026-07-06,0.705,2,2,153.0,True,True,dota,dota2-balu-stx-2026-07-06,,False
0x956c12cb68f21391d27cf9ffbccaac1e8465eabd19a7167e6c2d8da0b643313f,1,1783350947.0,2026-07-06,0.9509,2,2,23349.0,True,True,soccer,fifwc-prt-esp-2026-07-06-exact-score,,False
0x006c0f5354e15734cb4af010b5c783efda4de35dc24c0e5e00a047cdf025b6bd,1,1783351036.0,2026-07-06,0.93,2,2,41295.0,True,True,soccer,fifwc-prt-esp-2026-07-06-exact-score,,False
0x0036c8ca0d6ff5ef2dec03c9ac199d70c65b7caa40fe4538af652b14f24a5222,0,1783351226.0,2026-07-06,0.677,2,2,330.0,True,True,tennis,atp-chidekh-janvier-2026-07-07,,False
0x3b8d50336e6ab5a5a92de9ab1428860afba8efb4bcd06dbfbe596ec15260dd42,0,1783353632.0,2026-07-06,0.78,2,2,112803.0,True,True,soccer,fifwc-usa-bel-2026-07-06-more-markets,,False
0x1e1c8564d5b794367a8030574a9382b8b777e591bfb5896b1a1eb0f7856b81b2,1,1783353739.0,2026-07-06,0.9104,2,2,120807.0,True,True,soccer,fifwc-prt-esp-2026-07-06-more-markets,,False
0xab8cd302e39127769e06c50c87f49af7e21d5b860377655375fd36c198eacea0,1,1783354451.0,2026-07-06,0.9675,2,2,38365.0,True,True,soccer,fifwc-prt-esp-2026-07-06-exact-score,,True
0x122a6777d2b5a85b5732a990ab9d2610f8673d5de9a2b80dce4affd9ae095d2e,1,1783356158.0,2026-07-06,0.9794,2,2,8676.0,True,True,soccer,fifwc-prt-esp-2026-07-06-player-props,,False
0x9f3299ddab8a34f64f59c50237f250930b3656f6bd4021a02a33459d7826f3ca,1,1783356343.0,2026-07-06,0.805,2,2,41681.0,True,True,tennis,atp-gome-ribeiro-2026-07-06,,False
0x3c9ba7225f335cb4c6755865ae101dced0b2eed64a47e360ced869369341f3c0,0,1783357193.0,2026-07-06,0.654,2,2,16593.0,True,True,other,swe-hac-dju-2026-07-06-more-markets,,False
0x2b8950ce7a4de973af6aa1edf7b288f1a70f0627099131637d99670c4c4a368d,0,1783357454.0,2026-07-06,0.6699,2,2,97294.0,True,True,other,swe-hac-dju-2026-07-06-more-markets,,False
0x2e0156808ba4126bc1f8410a3ffef5d9cefa90a8cca52cbd73cd1e519044d5eb,0,1783357990.0,2026-07-06,0.9645,2,2,2894.0,True,True,other,bkfibaqeu-tur-swi-2026-07-06,,False
0xb38363a56081100d8f3cb07c446114f9c43e832f9dcd42889ef9f2d854f0f3f7,0,1783358465.0,2026-07-06,0.84,2,2,1450.0,True,True,ufc,swe-bro-gais-2026-07-06-more-markets,,False
0x971eb98daab3a11a1dd3b76e14ae962f8e5980ec6a3d499529b5f19b75108d4a,1,1783359338.0,2026-07-06,0.91,2,2,27342.0,True,True,soccer,fifwc-arg-egy-2026-07-07,,True
0x24e5347b74eb6eddc78a5db464ad8fe61a5eb7352ec1eea1a10b8848225f1ddc,1,1783360039.0,2026-07-06,0.77,2,2,2750.0,True,True,other,swe-hac-dju-2026-07-06,,False
0x30773ade25f667370ba929fef42ac0bcfd8850cc7fc1b2d7bb49f947e7815551,1,1783360756.0,2026-07-06,0.9789,2,2,13497.0,True,True,soccer,fifwc-prt-esp-2026-07-06-player-props,,False
0x64ec18021819a3f259f4da8ad7be4a240b885bdb40809b37b1622f2f645f0911,1,1783360795.0,2026-07-06,0.915,2,2,7506.0,True,True,soccer,fifwc-prt-esp-2026-07-06-player-props,,False
0x582bdead341750713614b02db0212b34bfc036e879834f0e65cc1970ecfc19e3,1,1783362937.0,2026-07-06,0.685,2,2,12311.0,True,True,soccer,fifwc-prt-esp-2026-07-06-total-corners,,False
0xb4a435640299a19b25769bc3cb1f71cbbdb00f30276cc817afe077edfee62874,0,1783363184.0,2026-07-06,0.945,2,2,53268.0,True,True,soccer,fifwc-usa-bel-2026-07-06-more-markets,,False
0x35154d2ca43ae260ea2bb961f6f7f4aa964d30d608c94f3dc1c60d8f1c8bf81f,0,1783363699.0,2026-07-06,0.84,2,2,49575.0,True,True,soccer,fifwc-prt-esp-2026-07-06-more-markets,,True
0x4c0a97ca4870995688510506273c366dd483762e936b6cca06a272f188514af6,0,1783363790.0,2026-07-06,0.6521,2,2,1960.0,True,True,soccer,fifwc-prt-esp-2026-07-06-total-corners,,False
0x3db1730638fd24a92021ed92ca8ca94ed744ba7c9085a7da2c3cdf91f3471606,1,1783364384.0,2026-07-06,0.765,2,2,41946.0,True,True,soccer,fifwc-prt-esp-2026-07-06-more-markets,,False
0xd59b82835a86ea63db0593c88653cb502e056a80839781e1fab302d2eae077bb,1,1783365416.0,2026-07-06,0.9092,2,2,655.0,True,True,soccer,fifwc-prt-esp-2026-07-06-player-props,,False
0xa4bceecf3aa578a96397907f4f9c5b6dabcadff8885832ab39eaeaaa657531c4,1,1783365427.0,2026-07-06,0.8791,2,2,1652.0,True,True,soccer,fifwc-prt-esp-2026-07-06-player-props,,False
0xd108f121bccd2e8cfd9f89137764606aeaa72d5754e26c0abe26a8fe5a90c7e3,1,1783365697.0,2026-07-06,0.8317,2,2,1497.0,True,True,soccer,fifwc-prt-esp-2026-07-06-player-props,,False
0x806209a23c77769b6f1ae0b1d5993943294ab426db9a13b537cdb7580e4e7c8a,1,1783365761.0,2026-07-06,0.9724,2,2,8370.0,True,True,soccer,fifwc-prt-esp-2026-07-06-player-props,,False
0xee57a03219f0387ae68cc5a018b4d135f755c609cb172f0e67f666e7694f83da,1,1783367638.0,2026-07-06,0.9547,2,2,58581.0,True,True,soccer,fifwc-usa-bel-2026-07-06-exact-score,,False
0xfc2ce317da4e9c701c792307256258302454d46ad0e3346975b0e9fd2bc95f6c,1,1783372351.0,2026-07-06,0.6544,2,2,153209.0,True,False,soccer,fifwc-usa-bel-2026-07-06-more-markets,,True
0x6305081987d57aeb6ca54ccea613548882e265a7480b23b9660c3348c389d91b,1,1783372414.0,2026-07-06,0.962,2,2,2778.0,True,True,soccer,fifwc-usa-bel-2026-07-06-player-props,,False
0xaaeba494e345b472e3cc79117b4a62a4172330fb86ebe4db607e438f9ffdc768,1,1783372499.0,2026-07-06,0.9719,2,2,61164.0,True,True,soccer,fifwc-usa-bel-2026-07-06-exact-score,,True
0xb21e7fe73ee6a50ca4f3933e3d68e570dfb168e04135bac9d01f94ea0691c9ad,1,1783372660.0,2026-07-06,0.6504,4,4,128479.0,True,False,soccer,fifwc-usa-bel-2026-07-06-more-markets,,True
0xb43e05cdcc42653b0e0bf82c50e2d07328b0fa93c9dd5e4f8dabdbd0fbf36e52,1,1783372817.0,2026-07-06,0.956,2,2,4105.0,True,True,soccer,fifwc-usa-bel-2026-07-06-exact-score,,False
0x5fd4fecd2027ff5d6b584a730364b460c1d94a82030651796a966e527430f3ff,1,1783372837.0,2026-07-06,0.9661,2,2,431.0,True,True,soccer,fifwc-usa-bel-2026-07-06-exact-score,,False
0x7bf6145f04c93713862293be66c1da8737bcec2bc629dab4b47058afd8baac14,1,1783373593.0,2026-07-06,0.831,2,2,64184.0,True,True,soccer,fifwc-usa-bel-2026-07-06-more-markets,,False
0x72d0536745b35a8c9605520c96554d0c239b7690fcd845f8624d75a42694ddce,1,1783373992.0,2026-07-06,0.91,2,2,25277.0,True,True,soccer,fifwc-usa-bel-2026-07-06-exact-score,,True
0x50fc8b640d85037e37c72902432f6c69f7fa2cee117f1ab821ba4b1aa3426e93,1,1783374064.0,2026-07-06,0.746,2,2,19223.0,False,,tennis,atp-krumich-comesan-2026-07-07,,False
0x6a27d34d3be365891fac6c1e6f1eb7edd4ffd24451a1c1960d2d74c91083b08d,1,1783376921.0,2026-07-06,0.94,2,2,1696.0,True,True,soccer,bra2-bot-ava-2026-07-06-more-markets,,False
0x4a733cc9e8ddb499c08469f631acbebfe27624992624a43d3a567f79ce327f3f,1,1783377808.0,2026-07-06,0.7433,2,2,171.0,True,True,cs2,cs2-keyd-gh-2026-07-06,,False
0x0540d118ecdc4b5813752e753f88a55f9121807298fca91a6fab8953504cf24b,1,1783378931.0,2026-07-06,0.655,2,2,687.0,True,True,mlb,mlb-hou-wsh-2026-07-06,,False
0x4162ec905d28d0e099ded82a38c67e583a7113d5b02dc66a83fa69d39421e592,1,1783378976.0,2026-07-06,0.94,2,2,6648.0,True,True,soccer,fifwc-usa-bel-2026-07-06-exact-score,,True
0x0e08b4dd833a4720c25b7f8af52575a3e551b908fff54f3bf3c9a2a078981037,1,1783379885.0,2026-07-06,0.845,2,2,7803.0,True,True,soccer,bra2-bot-ava-2026-07-06-more-markets,,False
0x66e0be382475be60e59a6f10b58bccc2c6c23ef17de62ce8fa2dbf7456b3b728,0,1783380184.0,2026-07-06,0.8358,2,2,1304.0,True,True,cs2,cs2-keyd-gh-2026-07-06,,False
0x81de158fa177b5dae89cfb78a61f9309beba7b6bbc728e119b276cceccf23a4a,0,1783380185.0,2026-07-06,0.6975,2,2,6141.0,True,True,soccer,fifwc-usa-bel-2026-07-06-total-corners,,False
0xaea97894e7a384e5b504f8c0472049820d916f52ab3dc188019a832bd5628339,0,1783380232.0,2026-07-06,0.65,2,2,73574.0,True,False,soccer,fifwc-usa-bel-2026-07-06-total-corners,,False
0x79a6a48c1e825e6fe30821dac972128958d3542d24405f97d8d7b5b06f9b50fc,1,1783381775.0,2026-07-06,0.9785,2,2,59143.0,True,True,soccer,fifwc-usa-bel-2026-07-06-exact-score,,False
0x566e790f0888a01df536df77bf216f560c8f0caa82f3ab86554a16448e6f70c8,1,1783383403.0,2026-07-07,0.8777,2,2,8469.0,False,,soccer,fifwc-usa-bel-2026-07-06-player-props,,False
0xadb1f2f2befb0e55e86d1b24105bcff82f244edda37b7e5a033ff6dab6e7ba6a,1,1783383494.0,2026-07-07,0.7864,3,3,2052.0,True,True,soccer,fifwc-usa-bel-2026-07-06-player-props,,False
0x47c193c48ba5ecb2022b83de0bb3972f44eb7af9ad9aa416daaf1499b2323eee,1,1783386158.0,2026-07-07,0.8933,2,2,2586.0,True,True,other,bkfibaqam-bah-pue-2026-07-06,,False
0x0b7050059fde1b841badda480f52c780487922761605c30aa89c7600ebf74ceb,1,1783386881.0,2026-07-07,0.6581,2,2,708.0,True,True,soccer,fifwc-usa-bel-2026-07-06-second-half-result,,False
0x9a85d59c2798e3ba9a154b4185791f38106ad22057f1b62658ac846b402410cb,1,1783388195.0,2026-07-07,0.8855,3,3,778.0,False,,soccer,fifwc-usa-bel-2026-07-06-player-props,,False
0x30b8d0b80be97ca3acb037dab139314d4eeeaf20148f7b80e984279f29e73a56,1,1783390204.0,2026-07-07,0.6568,3,3,8422.0,True,True,mlb,mlb-mil-stl-2026-07-06,,False
0xbbcbce019802bf122b0d8f33db02e0e17df54997a8ac4e2ceba085c52994e2d8,0,1783392811.0,2026-07-07,0.755,2,2,22683.0,True,True,soccer,col-una-laf-2026-07-07,,False
0xeb75d1e6a896d3524c6483c0c772fa3b3c90e4662b7b8be910c336c72c0f729e,0,1783393937.0,2026-07-07,0.93,2,2,6532.0,True,True,soccer,fifwc-arg-egy-2026-07-07-more-markets,,False
0x0c4a0fce68a93e72677ae32c6d8bddae79c9e04d9bf2d1869c40f095c31afd8e,0,1783395091.0,2026-07-07,0.6565,2,2,37407.0,True,False,tennis,atp-burruch-schoenh-2026-07-07,,True
0xae8adaf849c7f79aa1747bf4095374ff45b7ab88bfbe9d7db4852288896c5202,1,1783395367.0,2026-07-07,0.685,2,2,61530.0,True,True,soccer,fifwc-che-col-2026-07-07-halftime-result,,True
0x752c217541aa3dc937f3c902080ad12f981e6fb0f735cacf9384ef93b7cb5f76,1,1783395739.0,2026-07-07,0.82,2,2,1091.0,True,True,other,itf-seibold-riera-2026-07-07,,False
0x165b4d015918092fe27e11c46a704e3a53d7622d6b6a2909def8ff1892c4d897,1,1783395776.0,2026-07-07,0.875,2,2,25609.0,True,True,soccer,col-coq-bal2-2026-07-08,,True
0x2b284c1bfbba5cd1518d1f85715df69e446afe4525d2ff29a97a1666461ab78f,1,1783395994.0,2026-07-07,0.6775,2,2,20702.0,False,,soccer,fifwc-nor-eng-2026-07-11-more-markets,,False
0x1cbfc85edce5c2ac987214953c73d072fca766c05fe1e6cabaf920da5bf040e1,1,1783396237.0,2026-07-07,0.66,2,2,124415.0,False,,soccer,fifwc-fra-mar-2026-07-09-more-markets,,True
0xbea6d14d45d5bf2a79928e4c2b3c3c55da0ebb95ac48497cee5ccceaf514d11c,1,1783398332.0,2026-07-07,0.95,2,2,46186.0,True,True,tennis,wta-bjork-hennema-2026-07-06,,True
0x9f0b598db121eee6f84113c41f17f03ea04e6cba753cccba1a39f721e2aa0163,1,1783401797.0,2026-07-07,0.74,2,2,4312.0,True,False,soccer,fifwc-arg-egy-2026-07-07-more-markets,,False
0x4527731f0010ea81a000113dbc74ad49f448409deca4b2e550d0502a0bcf99ba,1,1783403137.0,2026-07-07,0.85,2,2,4052.0,True,True,soccer,fifwc-arg-egy-2026-07-07-exact-score,,True
0xa362a64e4a44e8ee691fdf51689ce10e827e48e0d9cb0731e6e1be80c294a9c0,0,1783403221.0,2026-07-07,0.715,2,2,23402.0,True,True,tennis,atp-brady-hoeyera-2026-07-07,,False
0xcc716c55190ce72e8c9d626688036048a2b8ed00cf91c6bf147bc4f44d148ecc,1,1783403738.0,2026-07-07,0.9765,2,2,11770.0,True,True,soccer,fifwc-che-col-2026-07-07-exact-score,,True
0xcbee984e9c389b5c81f23c4a473876968c478587445e5bcfe124c785b2dffb1e,0,1783407638.0,2026-07-07,0.7317,2,2,53244.0,True,True,tennis,atp-djere-bueno-2026-07-07,,False
0xf273d2c01462a1e295a572f475dada26e508aeeed69514b6b65d3fba4ba8302e,1,1783408054.0,2026-07-07,0.685,2,2,136139.0,False,,dota,dota2-re-xtreme-2026-07-07,,False
0x427c50e108715cdcda95803b646ebdc985018555f5312299c34efed46ad10de0,1,1783409897.0,2026-07-07,0.84,2,2,10156.0,True,True,tennis,wta-kabbaj-sherif-2026-07-07,,False
0x2bfab3b85e20c757548c32b3bb8d03b1af26a501c78e092f125e62aa844315bd,0,1783413343.0,2026-07-07,0.8,2,2,38318.0,True,True,tennis,atp-piros-ghetu-2026-07-06,,False
0xb28e4c789b54b44c55d32745c33dd7b7a402385bcb00a30fd89cfe4a4a9f77d2,1,1783413599.0,2026-07-07,0.86,2,2,20809.0,True,True,soccer,fifwc-arg-egy-2026-07-07-exact-score,,False
0xd1f179f9d286d735a4fc5a7d059c2a7c04457e45485194b1b540c97640a39a37,0,1783414859.0,2026-07-07,0.675,2,2,5121.0,True,True,tennis,atp-mrva-villanu-2026-07-07,,False
0x31508914f8db1bb700c673523d0433d66d694708a988a353bcb5e6a097e2419d,0,1783415812.0,2026-07-07,0.805,2,2,2771.0,True,True,tennis,wta-jones-rame-2026-07-07,,True
0xf93f9106739bdcf0b784f9687c98f444c01e710b8f656a061dc21e9bbd0756aa,1,1783415914.0,2026-07-07,0.804,2,2,8696.0,True,True,tennis,wta-monnot-jeanjea-2026-07-07,,False
0x2a2c46aa58037db88a761ab327a888704ad389b47cf18b6cb253385a7d3d09a5,0,1783415926.0,2026-07-07,0.72,2,2,8832.0,True,False,tennis,atp-forti-loge-2026-07-07,,False
0x0359820f157f6db44217574a47951b28c6c0d74b5537a490c607567b8c0944d8,1,1783416112.0,2026-07-07,0.6595,2,2,47948.0,True,True,tennis,atp-martin-henning-2026-07-07,,False
0x74a1eaa77c42446fdd09d9485d793bb89d0b1a54870caa3b54938d3429fc5e39,0,1783418077.0,2026-07-07,0.785,2,2,7739.0,True,True,tennis,wta-tubello-ren-2026-07-07,,True
0x88c856ecaf0d1eba17de9e0365139be7ec2823fed8c01e28ec0765aa19c7cc9c,1,1783418459.0,2026-07-07,0.8303,3,3,14184.0,True,True,soccer,fifwc-arg-egy-2026-07-07-exact-score,,False
0x42d4c715d088c94708748f2fab49f308b2570b0ab954675e8ac3022ba3efac29,0,1783420741.0,2026-07-07,0.9059,2,2,2708.0,True,True,tennis,wta-laboutk-bernste-2026-07-06,0.96,False
0xc8fe4fc5cd1512fa5d663b20ec63f4d0dd943450b060b656f1c2437360c650ec,1,1783424186.0,2026-07-07,0.785,2,2,9729.0,True,True,tennis,atp-raquill-giustin-2026-07-07,0.86,False
0x46baf6e2fa827f10276647b419c6a76dcdf81f69f56f7504813ba1f41b42228e,1,1783424302.0,2026-07-07,0.76,2,2,9950.0,True,True,tennis,atp-prado-vallejo-2026-07-07,0.79,False
0x771dbd2dde4a8b717fa837004b8c4d742cc7043357bd601b87e53c83fc7403d8,1,1783424326.0,2026-07-07,0.7625,2,2,6939.0,True,True,tennis,wta-barthel-radivoj-2026-07-06,0.829,False
0x0c87c5f85c153b81a7214c606f4a3543c3a8ada64b13cfbb9bd1dff678323386,0,1783424465.0,2026-07-07,0.7433,2,2,33477.0,True,False,soccer,fifwc-arg-egy-2026-07-07-first-to-score,,False
0xd19970ef22583c25568432815ef1ba141835da9d05209c665e2772eb8a5a1397,0,1783424483.0,2026-07-07,0.7491,2,2,105733.0,True,True,soccer,fifwc-arg-egy-2026-07-07-more-markets,,True
0x83c542288007e486a4764e54aca9639734aefdcf9693531eeff2dd44e8b3bd80,1,1783425230.0,2026-07-07,0.77,2,2,34936.0,False,,lol,lol-ross-big1-2026-07-07,,False
0x66dc5f7c7496c32642a0ee4eea7f17def98a49ec049fc48d7ec8b47731cb2cdd,0,1783426067.0,2026-07-07,0.8795,2,2,25332.0,True,True,tennis,atp-monday-summers-2026-07-07,0.889,False
0xb8a578429ee7f8b4cd1147f677e2f0ab7f3a3381c5118720072316e2e876d51b,0,1783427426.0,2026-07-07,0.91,2,2,10485.0,True,True,tennis,atp-mejia-tenti-2026-07-07,,True
0x52d71cebf53e3bbea6dbbed55ca194d23c3722a494623fdf74d7b9e1f8d9bc83,1,1783428899.0,2026-07-07,0.95,2,2,38451.0,True,True,soccer,fifwc-arg-egy-2026-07-07-more-markets,,False
0x4c00e2941a2a9c1d31d787b30d3c75e295dd5124b74bc22279e29b6d83c31db8,0,1783430488.0,2026-07-07,0.6693,2,2,46673.0,True,False,tennis,atp-skatov-petkovi-2026-07-07,0.65,False
0x92a7dbc5cbecd35e989e4f97102d5330ad01768423f559cc5a9d8170b5c27f72,0,1783431935.0,2026-07-07,0.7538,2,2,11890.0,False,,tennis,atp-barrios-simakin-2026-07-06,0.73,False
0x57584022cdcda933c1fd99645a4a703b20cfd13846b69260c3f36bfddee74fac,0,1783432411.0,2026-07-07,0.6729,2,2,648.0,False,,dota,dota2-liquid-playti-2026-07-07,0.61,False
0x9e1c35026bbfd9c32d640f998fd2bf10f3f0cb75a62fbff9c3c667d9c41e30f8,0,1783434640.0,2026-07-07,0.7741,2,2,59936.0,True,True,tennis,atp-coppeja-nijboer-2026-07-07,0.875,False
0x89ebc93b80bcdc3fbe0e12b1a3cf885a575a45fa0f31084b8fa4d9fd80dd2af8,1,1783434830.0,2026-07-07,0.895,2,2,10411.0,True,True,tennis,wta-kotliar-selekhm-2026-07-07,0.95,False
0x258bd7fb7e42afcbcea70d555a1a4c1ee485697597f4debb2e715504fbfaacc3,0,1783435388.0,2026-07-07,0.89,2,2,28111.0,True,True,soccer,fifwc-arg-egy-2026-07-07-more-markets,,False
0xbaf8452980ef8ac20422e9ae98eb95d948f86aed9a894a2f45bece8894791844,0,1783435867.0,2026-07-07,0.9448,2,2,4668.0,True,True,other,itf-bronzet-pere-2026-07-07,0.957,False
0xfb05c97974d2754c0c39061f49779d6c5a5aad316e18ab34a2e1fb3145c72432,1,1783436978.0,2026-07-07,0.87,2,2,20760.0,True,True,soccer,fifwc-arg-egy-2026-07-07-more-markets,0.88,False
0xbf0eacb777750904a91951c54da58df5cb41817af1954c3a478d05aeadc5d17c,1,1783438672.0,2026-07-07,0.89,2,2,2718.0,True,True,tennis,atp-hernan-ambrogi-2026-07-06,0.9,False
0x1511b6ec06722ef8beeadf304b4472c98ea02c26ae3b455d550971ecdce28722,1,1783438853.0,2026-07-07,0.91,2,2,24924.0,True,True,soccer,fifwc-che-col-2026-07-07-more-markets,0.92,False
0x1867ce54729cde0cce340d96730b6f40bbf8fc5004ada623d724a97a04599151,1,1783438933.0,2026-07-07,0.86,2,2,11118.0,True,True,tennis,atp-reguig-wallin-2026-07-07,,False
0xa23a527a124539aacb9d987d635aad00412d0f586ab68417e8f0277b92588a0f,1,1783440037.0,2026-07-07,0.8,2,2,61809.0,True,True,soccer,ucl-bor-pls-2026-07-07-more-markets,,False
0x22a915ec68a1df68efa0b474ad6daf4a2d24af9d989c17648cc3039bb9d34016,1,1783440086.0,2026-07-07,0.695,2,2,102.0,True,False,soccer,ucl-lin-int1-2026-07-07-more-markets,,False
0x1c45a4e01961ebe2846fb9002dcbab290faf73cc8e6e2467b7f9cf49e84408f7,0,1783440226.0,2026-07-07,0.725,2,2,39798.0,True,True,soccer,ucl-lin-int1-2026-07-07-more-markets,0.69,False
0x2d29063a94f72b75cb1f03b32f3322b246c5216884a7bed6bf3aaaa1312b9549,1,1783441090.0,2026-07-07,0.77,2,2,3812.0,True,False,soccer,ucl-lin-int1-2026-07-07-more-markets,0.9,False
0x29e3fcf3b87337c711cbd1b8f2bcd0830d484cda12d73ad7f8135aac65a43523,0,1783441387.0,2026-07-07,0.7692,2,2,50940.0,True,True,soccer,ucl-sf-tns-2026-07-07,0.84,False
0x44e94b41cbc9bd721d4d68b211f0538c313bcce2b705af842ca824cafa409674,1,1783441825.0,2026-07-07,0.6533,2,2,28744.0,False,,other,col-heg-pai-2026-07-09,,False
0x1e5ee65e5f45307c4202ebed58e882f82498a547f0cb0c5afcc528b9c3d51cf7,1,1783442078.0,2026-07-07,0.815,2,2,37029.0,True,True,tennis,atp-glinka-bu-2026-07-06,,False
0x87fe731daaa3c813b52b60df78f098bbd88f2eb608085e4f1e188f1fbd497755,1,1783442435.0,2026-07-07,0.8373,2,2,2298.0,False,,soccer,fifwc-arg-egy-2026-07-07-player-props,,False
0xcc6a7187661ac03f8e069408f835bc2f0f37a8b1de6147f9401f9ff726955683,1,1783442438.0,2026-07-07,0.9653,2,3,981.0,True,True,soccer,fifwc-arg-egy-2026-07-07-exact-score,0.989,False
0x06e5d23de659508267c77ca42f2dae890ba89deae6090f98be05bb53e16148f3,1,1783442503.0,2026-07-07,0.7577,4,4,1877.0,False,,soccer,fifwc-arg-egy-2026-07-07-player-props,0.82,False
0x3f24eab42db46af6ee6b5466e83e2ea2b5649aef9bfea1bc397c581abd361d77,1,1783442519.0,2026-07-07,0.9315,2,2,3381.0,False,,soccer,fifwc-arg-egy-2026-07-07-player-props,0.979,False
0xcd832d4de7fae54c3b1f854f50088856b6c8bb74c479b0b57e2dd87616d65422,0,1783442572.0,2026-07-07,0.745,2,2,67502.0,True,True,tennis,atp-droguet-erhard-2026-07-07,0.72,False
0xb45c68cf0a08355c7cdf5b738f35dafca890e9823f093bb347e33ffeb6cddd0b,0,1783442665.0,2026-07-07,0.89,2,2,25202.0,True,True,cs2,cs2-ldp-bsta-2026-07-07,0.93,False
0xf56257a72fb616359503fa5dab7f118f191365f953e5be52a1ae7fd9f6a600f7,1,1783442759.0,2026-07-07,0.901,2,2,5551.0,True,True,soccer,ucl-lin-int1-2026-07-07-more-markets,0.95,False
0x6f391e1f36de5c11c6bc6d57092ccbbcc80cdc64d56acce02535fe99896f2816,0,1783443026.0,2026-07-07,0.93,2,2,441.0,True,True,tennis,atp-royer-neuchri-2026-07-07,0.94,False
0x266b38ec63748a67a9f02afe67a2f7da94db404d7ee278234fd0f9a21f9dd323,1,1783444145.0,2026-07-07,0.656,2,2,2643.0,True,True,soccer,ucl-lin-int1-2026-07-07-more-markets,0.62,False
0x12c526ed4f8586908b6e78d9fe962adb42d555501d7947571b525926d0ec20d6,1,1783444297.0,2026-07-07,0.875,2,2,10791.0,True,False,soccer,ucl-var-kps-2026-07-07-more-markets,0.93,False
0x2a60da5131ce9dec0e82785da0aca1d9581101b971622f84adc72fa823c2e3be,0,1783444531.0,2026-07-07,0.6508,3,3,71966.0,True,True,soccer,fifwc-arg-egy-2026-07-07-second-half-result,0.75,False
0x542fa2e9e554f02d36b4d510d5832a614ede743cdceeffa3c68eced469b7fe27,1,1783445198.0,2026-07-07,0.935,2,2,58345.0,True,True,other,col-una-laf-2026-07-07,0.96,False
0x6a8f72d2869fc04a20312bf59cd87341c1fd47b21c2244f1647626788457bbd4,1,1783445293.0,2026-07-07,0.8467,2,2,13947.0,True,True,soccer,fifwc-che-col-2026-07-07-more-markets,,False
0x6c65598d222d70d1b39a3aca79b12a939a839c99fdf9b48d3a7e7bbf8f1293d3,1,1783446103.0,2026-07-07,0.79,2,2,5832.0,True,True,soccer,ucl-kau-dgj-2026-07-07-more-markets,0.99,False
0x9e59c6756e078eb49b0f85639604b55600728ed7b212d246fdd945f25beb5f6f,1,1783446143.0,2026-07-07,0.906,2,2,490.0,True,True,soccer,fifwc-arg-egy-2026-07-07-exact-score,0.927,False
0x5db3da9216490e32e0daaaf288a147ae2ea8cee5a28e5b4949560a00cbfda29e,1,1783446229.0,2026-07-07,0.7667,2,2,575.0,True,True,other,col-una-laf-2026-07-07-more-markets,0.87,True
0x644a285bd58c399ab9c9fe8a6dcb35bc9d598d6ac4601b7c416019635f047e9e,1,1783446262.0,2026-07-07,0.6888,2,2,70029.0,True,True,tennis,wta-boluda-pigato-2026-07-07,0.74,False
0xe7e120ea96b50582e9f89c16e9586f3b36ee014ac155d00ff68f8d3f63fd9832,1,1783446506.0,2026-07-07,0.978,2,2,3997.0,True,True,soccer,fifwc-arg-egy-2026-07-07-exact-score,0.98,False
0x3c5895028ee6c15e4da7b73884819bc86897c08a890cf76712b09ac37de5d82d,0,1783448527.0,2026-07-07,0.9205,2,2,40286.0,False,,ufc,ufc-gsteve-eli10-2026-07-11,,False
0xa651ff012dcb6f6a385bb801fadc456ef1703e08268d8a2a546bb8edff985b46,1,1783448716.0,2026-07-07,0.785,2,2,3168.0,True,True,soccer,col-una-laf-2026-07-07-more-markets,0.87,False
0x233e155f188320bfde1ec47f12d78938ec843761d4ffab18c4a9bf307f958685,1,1783449451.0,2026-07-07,0.665,2,2,545.0,True,True,other,col-una-laf-2026-07-07-more-markets,0.74,False
0x74a9ded568ba14e4a846d9c5c5d552d4759c69537c0a88a59044f34010f73eee,1,1783449788.0,2026-07-07,0.88,2,2,376.0,True,True,soccer,ucl-trf-lar-2026-07-07,0.9,False
0x4c91bc0713657999638654f164c824e78239fb06c41d7ed847ebdb7a32638c38,0,1783449856.0,2026-07-07,0.79,2,2,58874.0,True,True,soccer,fifwc-che-col-2026-07-07-total-corners,0.79,False
0xf063d7feca74b841479a215ac0f9906691585d1c8fd20f842d0641735e966a5e,1,1783449878.0,2026-07-07,0.67,2,2,92.0,True,True,soccer,ucl-trf-lar-2026-07-07-more-markets,0.81,False
0x7d8234c485616e215c940b02d322ae5903301f3a0447fa2a1a4a18e572408f47,1,1783450193.0,2026-07-07,0.845,2,2,501.0,True,True,soccer,ucl-bor-pls-2026-07-07-more-markets,0.95,False
0x36fca44fa14ee80f732b8c07f060f5f7f0eda41a01626409d178166156b4d6d1,1,1783450525.0,2026-07-07,0.8318,2,2,28212.0,False,,soccer,fifwc-esp-bel-2026-07-10,,False
0x7a9a64a340dd4c2af357a9aa8b2df97791ca8c13b5609a19b57d93a5ae15acb5,1,1783450588.0,2026-07-07,0.9367,2,2,54351.0,True,True,soccer,fifwc-che-col-2026-07-07-more-markets,0.95,False
0x354b78c0d586b875c69c4d77d6d0c10e8a84ebc02fa7845ef217d28861b96e34,1,1783451530.0,2026-07-07,0.8267,2,2,6116.0,True,True,other,col-elb-bat-2026-07-07-more-markets,0.85,False
0x140ed5896f74770d147f6d0a495fd39334bf7d220444e09ce12e08742ef2d0a9,1,1783451981.0,2026-07-07,0.7807,2,2,3781.0,True,True,soccer,fifwc-che-col-2026-07-07-more-markets,0.8,False
0x99fefeda924eb96ee8b4e1ae3189800ac2fdf8e6ed11289ff60d3238e074bd40,1,1783452448.0,2026-07-07,0.885,2,2,207.0,True,True,other,col-elb-bat-2026-07-07-more-markets,,False
0x4d8e4814089376ac321b4d0d5e8ccb7c2f971f8bc79546b478a387714e473032,0,1783452766.0,2026-07-07,0.75,2,2,45522.0,True,False,soccer,fifwc-che-col-2026-07-07-more-markets,,False
0x737e641aefb16294e5df0dd924bcd49819ca8b5b87974cef77ed4cb034676c13,1,1783453712.0,2026-07-07,0.7017,2,2,4033.0,True,True,soccer,ucl-bor-pls-2026-07-07-more-markets,,False
0x0a100a0f13a8fe0ea15f11373539f2c1d8c53d81aa1ea6ce1a24e074ea164ce0,1,1783454239.0,2026-07-07,0.9662,3,3,6107.0,True,True,soccer,fifwc-che-col-2026-07-07-exact-score,0.96,False
0x3275e6ef4308e008ac60b1beee8748a3377880e6ebdbbed66105c2b7fe26f60f,1,1783454893.0,2026-07-07,0.7092,4,4,11350.0,False,,soccer,fifwc-che-col-2026-07-07-player-props,0.74,False
0x68323c91441dc5a7f33177d5e6cf6dccb56f763fc72741bf612d92db0266851b,1,1783454894.0,2026-07-07,0.7558,4,4,6036.0,False,,soccer,fifwc-che-col-2026-07-07-player-props,0.75,False
0x721baf6c12a5732bf507f7a685e966e76e7664d67a7caa2bddaaf2b8aee87553,1,1783454936.0,2026-07-07,0.7487,3,4,2162.0,False,,soccer,fifwc-che-col-2026-07-07-player-props,0.77,False
0x5fae14714ac56f58465a3e1ce5e35c9f9edd63dc036d1128ba7bc54706a9d668,1,1783455044.0,2026-07-07,0.8278,2,2,12427.0,False,,soccer,fifwc-che-col-2026-07-07-player-props,0.92,False
0x9056e2f6b98b966287c79e9a4bf8ad2f03e80047b25b9fc0cdb21e03d84b69a7,0,1783455122.0,2026-07-07,0.7843,2,3,1366.0,False,,dota,dota2-ty-og-2026-07-07,,False
0x8cb31f7c92d887c150bc9d31790d03c2c2d3ddf9ca63b6c6614dc6e3b966b66b,1,1783455170.0,2026-07-07,0.765,2,2,4027.0,True,True,soccer,fifwc-che-col-2026-07-07-more-markets,0.83,False
0x26cd85b61de8074eff1ba6dcc24f7af158fb1dadf28686b65da9d19ba4fb2cfd,1,1783456418.0,2026-07-07,0.95,2,2,2482.0,False,,other,uel-qar-ves-2026-07-09,0.95,False
0x7efad50c2dbff67057b9179ee8dc18ec3cc2838d5e3d9cb55d90f5216133eb1f,0,1783457753.0,2026-07-07,0.665,2,2,73894.0,True,True,tennis,atp-mannari-bertola-2026-07-07,,False
0x646e8d486121704dd4a7457029116242e0c13bdc00c112d2c049ff3215e3dbb1,1,1783461338.0,2026-07-07,0.71,2,2,54612.0,True,True,tennis,wta-vickery-brantme-2026-07-07,,False
0x28bb594850ecb0735b8741120da10d76c6f1a7692dfb246d4d8bdc7ca1257303,1,1783463420.0,2026-07-07,0.957,2,2,4758.0,True,True,other,itf-vaja-karunar-2026-07-08,0.96,False
0x3b063c14f006ee480a53442ef08c0b080a49e3e618aa4b0b77d69ed14065a16f,1,1783464821.0,2026-07-07,0.695,2,2,2593.0,True,False,other,bra2-ath-ope-2026-07-07,,False
0x98a66d4afe717b8de5ba50dfd0805f4476b431316ca7cf19f232ea4e14d16103,1,1783470289.0,2026-07-08,0.6564,2,3,30668.0,True,True,other,bra2-ath-ope-2026-07-07-more-markets,,False
0x341dba5ab8f8fa2b2ef81ab6f471292c4b964f7f47ab985ce9c8f66f5db26e8d,1,1783479115.0,2026-07-08,0.765,2,2,44223.0,True,False,lol,lol-ly-tsw-2026-07-08,,False
0xe79b6d02add881c5b42ee83eaaa40db6f6b6a3418379f7cd4cbf091e50b5f882,1,1783480561.0,2026-07-08,0.655,2,2,576.0,True,True,mlb,mlb-ari-sd-2026-07-07,,False
0xee938f2978663ea9dbc6efc677a3a7931064ce6b8d7ee43373f20b47cf355afb,0,1783490684.0,2026-07-08,0.94,2,2,27339.0,True,True,other,itf-duerst-gloriap-2026-07-08,,False
0x951ad5f6568d64b2c83ade409d2a5c3792947957a3fbca31391b58c176603b25,1,1783493749.0,2026-07-08,0.977,2,2,139394.0,False,,soccer,fifwc-nor-eng-2026-07-11-exact-score,0.978,False
0x63db35087b681065c23939cc2558629929d43746505b65076ff2f1694c478793,0,1783494179.0,2026-07-08,0.873,2,2,17830.0,False,,tennis,wta-vidmano-ansari-2026-07-07,0.879,True
0x138082514f84c762a34ebec80e37f46e91a73a82a8a5870d6a9d15f0041cb942,1,1783494575.0,2026-07-08,0.8367,2,2,636.0,True,True,other,itf-noord-arsene-2026-07-08,0.82,False
0x56c714fd50419a8269155137c51831045dfefab878a96d380bdc7e5547082a8f,1,1783496608.0,2026-07-08,0.6733,2,2,983.0,True,True,lol,lol-g2-t1-2026-07-08,,False
0x8edf640554bc203133cd1333aed4470ddd89a3658ed1143dc05a751e242ca1e5,0,1783496881.0,2026-07-08,0.805,2,2,12996.0,True,True,soccer,ucl-kai-sut-2026-07-08,,False
0x172cab6ae317cc67324742181f153364a646ae8e9bc75392fe0c6e72654e982f,0,1783497299.0,2026-07-08,0.969,2,2,34201.0,True,True,other,itf-friend-rou-2026-07-08,,False
0x6cfd0492c0ab754d6cde5641792bc53ab71ba8044eb498e92fee9978c99c360c,0,1783497967.0,2026-07-08,0.9645,2,2,7343.0,True,True,other,itf-mansour-kavanag-2026-07-08,0.978,False
0x2759a01d1f29045f4bee5fdc1627d189347188675966ed2c2fec9e5eab21c3d4,1,1783499753.0,2026-07-08,0.93,2,2,97213.0,False,,soccer,fifwc-fra-mar-2026-07-09-exact-score,,False
0xd4a6fcbed9f4f8bb19602ad5976cfe529954020fb35c093ee2d63d47256924bd,0,1783500376.0,2026-07-08,0.948,2,2,9780.0,True,True,other,itf-kubka-shkutov-2026-07-08,0.944,False
0xb56378ac290b8cbc49a7cb5b88ce6d21cb5ea94a1d21a2dffb15103e91b408e9,1,1783500419.0,2026-07-08,0.765,2,2,6655.0,True,True,other,itf-brocket-kuzuhar-2026-07-08,0.78,False
0x7e6a99d23ee6beff337091fc92ecac6f2d8810aa899eb70b7488b72d5abbb052,0,1783501738.0,2026-07-08,0.75,2,2,6786.0,False,,soccer,fifwc-esp-bel-2026-07-10-more-markets,,False
0x1727202ffaf112a615fe9c9ec72f2308e1f3f8abaccbaf4eea7cd29167950b61,1,1783501772.0,2026-07-08,0.8964,2,2,4671.0,True,True,ufc,itf-mazzoni-ulrich-2026-07-08,0.93,False
0x196c82ff93feba59a05c8141ec4fe847cfbd75131ac9bb9c07dfac8d93ae4e60,0,1783501951.0,2026-07-08,0.6533,2,2,7454.0,True,False,other,itf-tsitsip-baybars-2026-07-08,0.68,False
0x477ffe3250249c935500197e24be74bdfe915ca55150399cde4d30b132eee882,1,1783502072.0,2026-07-08,0.94,2,2,11071.0,True,True,other,itf-wol-shcherb-2026-07-08,0.94,False
0x142dbb79544da68632bc945cafcaf23f95155e4b21920574f239c1b31443406d,1,1783503086.0,2026-07-08,0.805,2,2,25299.0,True,True,other,col-zir-tku-2026-07-08,,False
0x5fe1871072fc6948fad70320d236cce3c4b2aa624ea6c8ce860287459112671b,1,1783503980.0,2026-07-08,0.7275,2,2,75592.0,False,,soccer,fifwc-fra-mar-2026-07-09-more-markets,,True
0xb14fbfe37c1447d66b1614aaa34a3467525b613c88e2b9cdcfef12e606609b58,0,1783505614.0,2026-07-08,0.845,2,2,47235.0,False,,dota,dota2-flc-re-2026-07-08,0.92,False
0x530170b120646e29af4700f2ebe1edfcb0846d2f9f49e5c24ba921d96bc824a1,0,1783506290.0,2026-07-08,0.9087,2,2,44014.0,True,True,other,itf-ryser-tran-2026-07-08,,False
0x5fdb8e82ed014e126f5d43690fa03c4c822885ce201ea93b461169898b27e613,1,1783506344.0,2026-07-08,0.775,2,2,1020.0,True,True,dota,dota2-poorra-bb4-2026-07-08,0.8,False
0x68bd1a62ce34ffcf37b4f413a161fc67ea355ee8bd2685b27a29bd39cbdaf03e,0,1783506868.0,2026-07-08,0.805,2,2,440.0,True,True,dota,dota2-flc-re-2026-07-08,0.8,False
0xd3ec3075b3d2f94d16ac3dd88131c2c6f10f6cf9ad9c0398a3e204bdb866810b,0,1783510394.0,2026-07-08,0.8893,2,2,1983.0,True,True,other,itf-sobolie-bennema-2026-07-08,0.9,False
0xd4c76ff896b64bd2f958133bdbfd0b83b2ef82661b5eced1686f8df617fe19fd,0,1783511156.0,2026-07-08,0.6843,2,2,7536.0,False,,nba,wnba-ind-la-2026-07-08,0.699,True
0x4cd7896e85f5582966fba164eb7f207474211c87bc51407ee8bccaffe3d3a9c2,1,1783512649.0,2026-07-08,0.89,2,2,159.0,True,True,tennis,wta-hesse-sherif-2026-07-08,0.9,True
0x744df2cb98d5dd869623f254c6bdfb167c9caf1e5dd16732106cb61b2d4bc577,1,1783515017.0,2026-07-08,0.66,2,2,18265.0,False,,soccer,fifwc-esp-bel-2026-07-10-more-markets,0.67,False
0x8ebcae260b286d84b705fee9b9c07ffccefd1288a14cedff9481634b0e978e9c,0,1783515302.0,2026-07-08,0.7314,2,2,15481.0,True,True,other,itf-trevis-tsygour-2026-07-08,0.556,False
0xdba4d48a163d102d02a285400befeb39118183d3b38b85eef79f4f880dcc9be2,0,1783516658.0,2026-07-08,0.7433,2,2,3601.0,True,True,other,itf-lim-colmegn-2026-07-08,0.85,False
0xfcf299b7d8a3bd681d00025363ea5a3cb2990b949b811a22c617ea5e904c4599,0,1783516682.0,2026-07-08,0.765,2,2,15313.0,True,True,other,itf-kostovi-brockma-2026-07-08,0.85,False
0x004d381f7d632fcf39610994958ef02295e0bb2b4341b212602bc2f7331550e8,0,1783518319.0,2026-07-08,0.785,3,3,4889.0,False,,tennis,atp-sinner-djokovi-2026-07-08,0.78,False
0x2f93c1094e7d2e59b2006ceaa057e92d2f22dacd9095db089fe7176561c20e26,1,1783519471.0,2026-07-08,0.835,2,2,72927.0,False,,soccer,fifwc-esp-bel-2026-07-10-halftime-result,,False
0xea609ffb0f100576f329a70485c64c18adf6164dfce1344f45cab86bd8710b49,0,1783519970.0,2026-07-08,0.66,3,3,5845.0,True,True,tennis,wta-blinkov-carle-2026-07-08,0.72,False
0x23cac0807bfdeb0a0dfcbacc28f2accb400af507ad308f2b35fa8c885046c09b,0,1783520320.0,2026-07-08,0.93,2,2,154716.0,False,,soccer,fifwc-fra-mar-2026-07-09-more-markets,,False
0xa1fade9336ae84965461de4c54d47fa466caed5e731068d7edd45e4c4acc4b46,0,1783523201.0,2026-07-08,0.71,2,2,21594.0,True,True,other,itf-nguye-nguyen-2026-07-08,0.72,False
0xc4001110fb5ab2ea42fdbef5dfcfd966a1a8dad7af758eccdbe48b9090405c84,0,1783523650.0,2026-07-08,0.709,2,2,40107.0,True,False,tennis,wta-uchijim-escorih-2026-07-08,0.627,False
0xdbba4add1c66b4ba424a3d3ca48c9c48476643dfd9bf6bb69cc0b41856e16e00,0,1783523873.0,2026-07-08,0.7998,2,2,14551.0,True,True,dota,dota2-ts8-nem-2026-07-08,0.79,False
0x496d64f1175f224a4b773f4a7ea7baf935de1725233ef9aa3c8a5c3ea27c0cfc,1,1783524635.0,2026-07-08,0.765,2,2,38871.0,True,True,other,col-zir-tku-2026-07-08,0.77,False
0x9485502ae76ff725f812cedd2cda661837f282f7bd4abc4378514c5f7cd29f59,0,1783525996.0,2026-07-08,0.6936,2,2,44193.0,True,False,lol,lol-g2nord-use1-2026-07-08,,False
0xad5023839fedb3af43248d4b0c4b41aa039266887ed4f22428dcede8f590cd32,1,1783526170.0,2026-07-08,0.675,2,2,86927.0,True,False,soccer,ucl-flo-sab-2026-07-08-more-markets,0.66,True
0xe622b192ff8a003d801338955f23d326322d35dc0f39422e499baf826424d651,0,1783526728.0,2026-07-08,0.71,2,2,39788.0,True,True,soccer,ucl-mlv-ucr-2026-07-08-more-markets,0.71,False
0x47cf1a075aa2487a6e82ca107331ec6d495eb317ab7564caca299911a64a363c,1,1783527350.0,2026-07-08,0.695,2,2,2736.0,True,False,soccer,ucl-flo-sab-2026-07-08-halftime-result,0.73,False
0xefae165fdde11e136354eaa8be453cbf3a97b05c44270d40633dcd46d28ed2d6,1,1783527436.0,2026-07-08,0.7056,7,7,765.0,True,True,soccer,ucl-flo-sab-2026-07-08,0.69,False
0xa5b163d4a095b708800038888dd10012c7a71e3b7d16dba34856b09704286d12,0,1783528175.0,2026-07-08,0.805,2,2,26778.0,True,True,other,itf-chang-hrastar-2026-07-08,0.84,True
0x75d555ac2f12c167fe71533db592d9f0e2c1f97e471b3a1c4d9d5a8b5039dd27,1,1783528759.0,2026-07-08,0.764,3,3,137952.0,False,,soccer,fifwc-nor-eng-2026-07-11-more-markets,0.79,False
0x7da4237f19bdb0e73747d22da14ed575a08b24b76cdde396587a166e280a00e6,1,1783529228.0,2026-07-08,0.8,2,2,523.0,True,True,soccer,ucl-flo-sab-2026-07-08-more-markets,0.95,False
0xabd629ccb41c19100a3940cab11af1b71c1c47272877ccc29cbf71edd6032acb,0,1783529902.0,2026-07-08,0.775,2,2,10923.0,True,True,other,col-zir-tku-2026-07-08-more-markets,0.81,False
0x5f746f5081d901e42612b864697be8283fd6cccc664e3bcecfdda478bf71cd18,0,1783530283.0,2026-07-08,0.77,2,2,29679.0,True,False,other,itf-nakashi-dea-2026-07-08,,False
0xda5d0f7483e30a743f2181bc4c98e674e00a154c597cdebd747299a9994adbc1,1,1783530937.0,2026-07-08,0.9255,2,2,2508.0,True,True,soccer,ucl-pet-egn-2026-07-08-more-markets,,False
0x32a63c3eef406523936972828b28009d8d15594856baa91b2bc439420cd60ebc,1,1783531189.0,2026-07-08,0.8633,2,2,18440.0,False,,soccer,fifwc-fra-mar-2026-07-09-more-markets,0.87,False
0xceab934d55249b36b2db358da6d393e4596f86ef60fe7f6b9482ec4bfc823ef3,1,1783532896.0,2026-07-08,0.665,2,2,1296.0,True,True,soccer,col-dif-ilv-2026-07-08,0.72,False
0x31f9a37bdba286bf0076decfd849693b470c111679393c1c57c49b82dabff272,0,1783533626.0,2026-07-08,0.6867,2,2,39885.0,True,True,dota,dota2-lgd-og-2026-07-08,0.66,False
0x21ba8d757a3bd491a46bee9940f12c51e15a945047165f080a4174664b3d891f,1,1783534109.0,2026-07-08,0.86,2,2,14677.0,True,True,other,col-dif-ilv-2026-07-08-more-markets,0.97,False
0x8a2ab094e90af543df0edfc44752118b757f08dbf6ac65c4c1d3f967e00e1f9a,1,1783534171.0,2026-07-08,0.682,2,2,485.0,True,True,other,col-dif-ilv-2026-07-08-more-markets,0.77,False
0xe6544d9fcdbbc59ae353d7944998afd1f0bd210b7c7ea918a131a014b8b1715e,1,1783534283.0,2026-07-08,0.65,2,2,2710.0,True,True,other,col-dif-ilv-2026-07-08,0.76,False
0x5792dffdadef0074ae0fa27c493aac820614b95171e05bc2437703d2ed653a70,0,1783534397.0,2026-07-08,0.6633,2,2,205.0,True,True,other,itf-gonzale-rabman-2026-07-08,0.69,False
0x71f06fe4c5df38227444e224d001e4390b447b77cdf938f70954bc81eec74f3a,0,1783542733.0,2026-07-08,0.8187,2,2,756.0,True,True,cs2,cs2-yaw-mw-2026-07-08,,False
0x0e4f746ad792519475a6ff2156664b12c4b778db393ce97b754d545f1902e28d,0,1783544131.0,2026-07-08,0.75,2,2,170028.0,False,,lol,lol-blg-hle1-2026-07-09,,False
0xe05a097668e58e9ebd7bd1e868b8a28c55ecb07a7cf10552e15650539aece4eb,0,1783545196.0,2026-07-08,0.79,2,2,18554.0,False,,other,itf-gonza-laydner-2026-07-08,,False
0xc498cb0eaa8547c5b80ec77aea3f36c0f428ba9efa6a3ba345cf133b491bcce8,0,1783548251.0,2026-07-08,0.875,2,2,1606.0,False,,tennis,wta-badosa-lepchen-2026-07-09,,False
0x3d0596859b7f78fc95050446ea700cd47e5f51f8c74ae7eb9a3df49cbe341247,1,1783550434.0,2026-07-08,0.85,2,2,50043.0,False,,soccer,uel-dyn-fcu-2026-07-09,,False
0x6fa2ac0a313c1ea67987ed91b38e040fd5e925b60285fd3cbac434fcaa92d702,1,1783550440.0,2026-07-08,0.6998,2,2,11019.0,False,,mlb,mlb-col-lad-2026-07-08,0.71,True
0x84ebf2d3e510e953e91032782b81834f50baadc7c0ee29c7b175cb414b1b28b4,0,1783551497.0,2026-07-08,0.6527,3,3,93249.0,True,True,tennis,wta-sawangk-dolehid-2026-07-07,0.769,False
0x2da7f9381d90ccddf8e4dbab5b37d9531daddff072fe212e836c0158b2251bf3,0,1783551799.0,2026-07-08,0.7403,3,3,23406.0,True,True,nba,wnba-gsv-tor-2026-07-08,0.76,True
0x505677627e8edb116065a528c448077395636db1444480a0cc877c6b6584568e,1,1783552114.0,2026-07-08,0.765,2,2,16836.0,False,,tennis,atp-planins-gill-2026-07-09,,False
0x3a3610e882d03bf773c668693369ab5537bd5bd4b5686c7a86161752532792bb,1,1783554484.0,2026-07-08,0.6579,4,4,17382.0,True,True,mlb,mlb-atl-pit-2026-07-08,0.74,False
0x306df2ede5baf5c2634bca72fc8d3a69561776dcc086b8d9d41821cf9f5d5c12,1,1783555609.0,2026-07-09,0.7605,3,3,48833.0,False,,tennis,atp-kozlov-wu-2026-07-08,0.79,False
0x754a9839447623ccb6e22286b91861a8c709c61967757986dd16d3faaa2cec2c,0,1783557799.0,2026-07-09,0.895,2,2,22641.0,False,,other,itf-dellave-kusuhar-2026-07-09,,False
0xf1e38467f53b6dc41e3ebf58961c99ee4903e054318da46e411f12b6573e0557,1,1783558337.0,2026-07-09,0.806,2,2,11710.0,False,,tennis,wta-escorih-quevedo-2026-07-09,,False
0x9f08c119fe659ec4f66ec13d020f6409897702aa916b7d29096e47917c29a63f,1,1783561673.0,2026-07-09,0.8,2,2,11104.0,False,,lol,lol-blg-hle1-2026-07-09,0.81,False
0xdbbbbd6ea71cad296d859aa629497400402ab253a51350bddd5d761dbbad1460,1,1783562348.0,2026-07-09,0.7329,4,4,46412.0,False,,soccer,fifwc-nor-eng-2026-07-11,0.74,False
0x13f6d49fa7aa2599be127fdcbe7904e463a541e06d163c557291fd32dd342972,1,1783562491.0,2026-07-09,0.946,2,2,37617.0,False,,soccer,fifwc-fra-mar-2026-07-09-more-markets,,False
0x7d063d4cbabaeca759f64c342b1eb7fa42ca46a9cdc53e70ecb2221804b82daa,1,1783562531.0,2026-07-09,0.7913,2,2,31930.0,False,,soccer,fifwc-fra-mar-2026-07-09-total-corners,0.8,False
0xf2b7bb132a0edfdad2bc7c6f4d70dbefb22a9494eeafcca658aa8ce39d23dc2d,1,1783562815.0,2026-07-09,0.7,2,2,27633.0,False,,other,itf-koryshe-sagandi-2026-07-09,,False
0x2834b2e06e2fd84fc7fd7000e9ed7084f7c0cf30f67eee79ae1d45b9d6eadf7c,0,1783564633.0,2026-07-09,0.775,2,2,9318.0,False,,other,itf-tikhono-zhan-2026-07-09,0.88,False
0x6a435f606038e3ff3729433d28c203b2d8d8e6ef628efc0d2562aa953d377950,1,1783564922.0,2026-07-09,0.81,2,2,29799.0,False,,other,itf-ruoxi-kalyaki-2026-07-09,0.92,False
0x35bb6b8acaf356f5184d7bc66a5863a492ccaa809f1c74de60ddcdde4f04db80,1,1783568044.0,2026-07-09,0.7629,2,2,72387.0,False,,other,col-mon-din1-2026-07-09,0.77,False
